ID,PeakvGRF,vGRF_0,vGRF_1,vGRF_2,vGRF_3,vGRF_4,vGRF_5,vGRF_6,vGRF_7,vGRF_8,vGRF_9,vGRF_10,vGRF_11,vGRF_12,vGRF_13,vGRF_14,vGRF_15,vGRF_16,vGRF_17,vGRF_18,vGRF_19,vGRF_20,vGRF_21,vGRF_22,vGRF_23,vGRF_24,vGRF_25,vGRF_26,vGRF_27,vGRF_28,vGRF_29,vGRF_30,vGRF_31,vGRF_32,vGRF_33,vGRF_34,vGRF_35,vGRF_36,vGRF_37,vGRF_38,vGRF_39,vGRF_40,vGRF_41,vGRF_42,vGRF_43,vGRF_44,vGRF_45,vGRF_46,vGRF_47,vGRF_48,vGRF_49,vGRF_50,vGRF_51,vGRF_52,vGRF_53,vGRF_54,vGRF_55,vGRF_56,vGRF_57,vGRF_58,vGRF_59,vGRF_60,vGRF_61,vGRF_62,vGRF_63,vGRF_64,vGRF_65,vGRF_66,vGRF_67,vGRF_68,vGRF_69,vGRF_70,vGRF_71,vGRF_72,vGRF_73,vGRF_74,vGRF_75,vGRF_76,vGRF_77,vGRF_78,vGRF_79,vGRF_80,vGRF_81,vGRF_82,vGRF_83,vGRF_84,vGRF_85,vGRF_86,vGRF_87,vGRF_88,vGRF_89,vGRF_90,vGRF_91,vGRF_92,vGRF_93,vGRF_94,vGRF_95,vGRF_96,vGRF_97,vGRF_98,vGRF_99
L0,1.0275879,0.05809982120990753,0.11176863312721252,0.2006458342075348,0.310342013835907,0.41124069690704346,0.4989953637123108,0.5809069871902466,0.6290732026100159,0.6506595015525818,0.6857686042785645,0.7365025281906128,0.7866846323013306,0.8264676332473755,0.8694049119949341,0.9148169755935669,0.9661687612533569,0.993236780166626,1.022179126739502,1.027587890625,1.0244190692901611,1.0085785388946533,0.9910972714424133,0.9787321090698242,0.9618303775787354,0.9427574872970581,0.9310054779052734,0.9293460845947266,0.9109302759170532,0.905676007270813,0.9080056548118591,0.9122111201286316,0.9164159297943115,0.9268506765365601,0.9366785287857056,0.9466594457626343,0.9625074863433838,0.9706383943557739,0.9805254936218262,0.9807982444763184,0.9744926691055298,0.980572521686554,0.978015124797821,0.9852938652038574,0.9809345006942749,0.9856336116790771,0.982959508895874,0.9893819093704224,0.993391215801239,1.0003714561462402,1.0088036060333252,1.022897481918335,1.0235859155654907,1.0300289392471313,1.03176748752594,1.021533727645874,0.9922939538955688,0.9349339008331299,0.8439012765884399,0.7151648998260498,0.5646814703941345,0.42049363255500793,0.292391300201416,0.1908802092075348,0.11637941002845764,0.06957660615444183,0.04424280300736427,0.02687113732099533,0.016071150079369545,0.011662894859910011,0.009449094533920288,0.008895613253116608,0.007328429259359837,0.009084595367312431,0.006375768221914768,0.0036486592143774033,0.008402626030147076,0.006223621778190136,0.004764004610478878,0.012144722044467926,0.010164481587707996,0.00939720869064331,0.010146647691726685,0.008723068982362747,0.010306899435818195,0.00958668626844883,0.007038936950266361,0.010321262292563915,0.007752673700451851,0.0082705682143569,0.010095521807670593,0.005736398510634899,0.010354907251894474,0.010387098416686058,0.007559823803603649,0.007460745982825756,0.010726099833846092,0.010480128228664398,0.013709113001823425,0.033099133521318436,0.03671037405729294
R0,1.0716712,0.0371096171438694,0.07794083654880524,0.15086223185062408,0.22957241535186768,0.2872409224510193,0.33755481243133545,0.4344577491283417,0.546994686126709,0.643117368221283,0.7245388031005859,0.8086063265800476,0.8770594596862793,0.9097610712051392,0.9578768014907837,0.9986391067504883,1.0369971990585327,1.0545490980148315,1.0712641477584839,1.0716712474822998,1.060560703277588,1.0313847064971924,0.9936563968658447,0.973529577255249,0.9381614923477173,0.9070881009101868,0.8925249576568604,0.8923523426055908,0.8687400817871094,0.8633308410644531,0.8701990842819214,0.8688002228736877,0.8664386868476868,0.8729444742202759,0.8875404596328735,0.8991562128067017,0.924968957901001,0.9436236619949341,0.9618586301803589,0.9722316265106201,0.9761086702346802,0.9948804378509521,1.0012822151184082,1.0163532495498657,1.0199105739593506,1.0313096046447754,1.03396475315094,1.0441216230392456,1.0517232418060303,1.047969937324524,1.0511908531188965,1.0550270080566406,1.0431303977966309,1.04315185546875,1.0400352478027344,1.035012125968933,1.0210111141204834,1.0084357261657715,0.9828026294708252,0.9201741814613342,0.805762767791748,0.6574937701225281,0.49554386734962463,0.34141847491264343,0.20980718731880188,0.1229778379201889,0.07032623142004013,0.03935376927256584,0.014080606400966644,0.0077962493523955345,0.0022909604012966156,-0.0028731264173984528,-0.002375556156039238,0.0006741434335708618,-0.0029491670429706573,-0.009782074019312859,-0.0017851591110229492,-0.001698886975646019,-0.008243739604949951,0.00021649524569511414,-0.004607420414686203,-0.0028571467846632004,0.0010504145175218582,-0.005422551184892654,-0.0009008906781673431,-0.0023148823529481888,-0.0040802545845508575,0.00032871775329113007,-0.0003809630870819092,-0.0013886168599128723,-0.0011441279202699661,-0.0028346534818410873,0.00010880641639232635,-0.002166757360100746,-0.0011072605848312378,9.175948798656464e-05,-0.00030726008117198944,0.0031510423868894577,0.0025595647748559713,0.021349120885133743,0.023049840703606606
R1,1.1176398,0.05403977259993553,0.10963759571313858,0.19096806645393372,0.2740125060081482,0.3280380070209503,0.3634952902793884,0.44693079590797424,0.5376745462417603,0.6272802352905273,0.7177262306213379,0.8093926310539246,0.8755573034286499,0.9162779450416565,0.9675276279449463,1.0125677585601807,1.0554739236831665,1.0803958177566528,1.1094560623168945,1.1176397800445557,1.1152660846710205,1.0948467254638672,1.0639513731002808,1.0488191843032837,1.020793080329895,0.9905233979225159,0.973823070526123,0.9720977544784546,0.9435864686965942,0.9295986294746399,0.927636981010437,0.9163583517074585,0.9039616584777832,0.900667667388916,0.9046152234077454,0.905617356300354,0.9202408790588379,0.9286293387413025,0.9362121820449829,0.9426088333129883,0.9429847002029419,0.9601709842681885,0.9661366939544678,0.9851937294006348,0.9900381565093994,1.0079774856567383,1.0141093730926514,1.0258586406707764,1.0300917625427246,1.0209569931030273,1.017235517501831,1.0180108547210693,0.9986624121665955,0.986299991607666,0.9668323993682861,0.9482386112213135,0.9215949773788452,0.9037861824035645,0.8783069849014282,0.8267133235931396,0.7296212911605835,0.6052249073982239,0.4648934602737427,0.3254907727241516,0.20463605225086212,0.12885795533657074,0.08567405492067337,0.05504070967435837,0.03316599130630493,0.025875823572278023,0.018578188493847847,0.016437340527772903,0.01591864600777626,0.018466947600245476,0.014165723696351051,0.008008621633052826,0.01629374548792839,0.016000768169760704,0.01146524678915739,0.01914043538272381,0.013850267976522446,0.016491420567035675,0.019414274021983147,0.012488540261983871,0.018267393112182617,0.016544697806239128,0.013001076877117157,0.018642466515302658,0.019069531932473183,0.016246596351265907,0.016775211319327354,0.014820778742432594,0.019433677196502686,0.01656380668282509,0.016575925052165985,0.018061911687254906,0.01799926906824112,0.019888650625944138,0.02101287618279457,0.03674014285206795,0.039162881672382355
L1,1.0414877,0.07381473481655121,0.11999265104532242,0.21594078838825226,0.31495553255081177,0.37873780727386475,0.4007927477359772,0.4493185877799988,0.5342274904251099,0.603598415851593,0.672341525554657,0.7368593811988831,0.791645884513855,0.8354057669639587,0.8830794095993042,0.9211136698722839,0.9664410352706909,0.9828580021858215,1.0171966552734375,1.041487693786621,1.0397059917449951,1.0322242975234985,1.0186949968338013,1.0225744247436523,1.00455641746521,0.9914706349372864,0.9802381992340088,0.9830563068389893,0.9570392370223999,0.9418860673904419,0.9354895353317261,0.9198180437088013,0.8976818323135376,0.8861804008483887,0.8767307996749878,0.8671290278434753,0.8611127734184265,0.8584030866622925,0.8495334386825562,0.8461741209030151,0.8387042284011841,0.8398664593696594,0.843992292881012,0.856051504611969,0.8578221797943115,0.8744220733642578,0.8842833042144775,0.8928221464157104,0.8974263668060303,0.8934043645858765,0.8927439451217651,0.8969345092773438,0.8817545771598816,0.8742505311965942,0.8450298309326172,0.8162387609481812,0.7600111961364746,0.717191219329834,0.6743749380111694,0.6316930055618286,0.5666470527648926,0.49095436930656433,0.39869561791419983,0.2758064866065979,0.177228644490242,0.11546843498945236,0.09064503759145737,0.05753038451075554,0.02964347042143345,0.02652505226433277,0.018378717824816704,0.019682493060827255,0.01911940798163414,0.009361501783132553,0.015864906832575798,0.004982509650290012,0.020465577021241188,0.016368279233574867,0.012113179080188274,0.016618900001049042,0.016831109300255775,0.01962098479270935,0.018923060968518257,0.01664266735315323,0.019922979176044464,0.017117062583565712,0.014084991067647934,0.01769738271832466,0.01569605991244316,0.013928895816206932,0.020012671127915382,0.016336699947714806,0.017955495044589043,0.013777941465377808,0.014469648711383343,0.013737283647060394,0.015439005568623543,0.0205338504165411,0.029067233204841614,0.04288976266980171,0.046049244701862335
R2,1.085515,0.07594950497150421,0.1232164204120636,0.19703705608844757,0.3331007659435272,0.4364185631275177,0.5453622341156006,0.6585681438446045,0.7034587264060974,0.7463188171386719,0.806273341178894,0.8728001117706299,0.9122027158737183,0.951259434223175,0.9855474233627319,1.0254024267196655,1.0462090969085693,1.0515457391738892,1.084967851638794,1.0822196006774902,1.0765085220336914,1.0607893466949463,1.0505098104476929,1.0335146188735962,1.0182406902313232,0.9825345277786255,0.9620056748390198,0.9608128070831299,0.9384258985519409,0.9279863238334656,0.9224145412445068,0.9169869422912598,0.9215631484985352,0.9418037533760071,0.9520090818405151,0.9555416107177734,0.9839069247245789,1.004678726196289,1.0119880437850952,1.0227363109588623,1.0312594175338745,1.0431814193725586,1.045831322669983,1.0681666135787964,1.06952965259552,1.083707332611084,1.085515022277832,1.0726126432418823,1.0568618774414062,1.0392704010009766,1.0022399425506592,0.9685823917388916,0.923937201499939,0.8620775938034058,0.7953321933746338,0.7237298488616943,0.6542559266090393,0.59742671251297,0.541907787322998,0.473047137260437,0.4030437767505646,0.32305237650871277,0.24196676909923553,0.17365042865276337,0.11153758317232132,0.0794287770986557,0.0607234351336956,0.0449795238673687,0.04628627747297287,0.04130090773105621,0.03752297908067703,0.04069719463586807,0.04130756855010986,0.04424084722995758,0.04267038032412529,0.0389673076570034,0.043123453855514526,0.037812814116477966,0.040833428502082825,0.04962994158267975,0.04187936708331108,0.041123878210783005,0.04607899487018585,0.03773222118616104,0.045831941068172455,0.04568076878786087,0.04232984408736229,0.04077073186635971,0.04663451015949249,0.04188460856676102,0.045634396374225616,0.03746256232261658,0.04545340687036514,0.04340016096830368,0.03711463138461113,0.041401591151952744,0.04879125580191612,0.04127104580402374,0.04203885421156883,0.05622854456305504,0.059601351618766785
L2,0.99379146,0.04221835732460022,0.1085873395204544,0.17082875967025757,0.20081129670143127,0.22290904819965363,0.25623762607574463,0.3395765423774719,0.4452317953109741,0.540016770362854,0.6227620840072632,0.6990528106689453,0.7606374025344849,0.8063147664070129,0.867516040802002,0.9154500961303711,0.9532921314239502,0.9672016501426697,0.9860007762908936,0.9937914609909058,0.991038978099823,0.9764891862869263,0.948477566242218,0.9395967721939087,0.910002589225769,0.8900388479232788,0.8807135820388794,0.8833065032958984,0.861600399017334,0.8560848236083984,0.8661894798278809,0.862521767616272,0.8579113483428955,0.8595984578132629,0.8664276599884033,0.8710198402404785,0.8806771636009216,0.8921740055084229,0.8973449468612671,0.9071475267410278,0.9033979177474976,0.9124991297721863,0.9189457893371582,0.930855393409729,0.932654857635498,0.9416446685791016,0.9483484625816345,0.9576888084411621,0.9640522003173828,0.9635671973228455,0.9635741710662842,0.9640880823135376,0.9496011734008789,0.9446901679039001,0.9221096038818359,0.9035857915878296,0.8752173185348511,0.8626718521118164,0.8374500274658203,0.786910355091095,0.6955972909927368,0.575449526309967,0.4423718750476837,0.3070303201675415,0.19335174560546875,0.11608117073774338,0.07718110829591751,0.04333162680268288,0.016052665188908577,0.01335195917636156,0.007355819456279278,0.0007168781012296677,0.0017940830439329147,0.0011871829628944397,-0.001169120892882347,-0.007516784593462944,0.0021620579063892365,0.0009832251816987991,-0.003848262131214142,0.0037401197478175163,-0.00013274326920509338,0.0021438337862491608,0.005534506402909756,-0.0007468517869710922,0.001327885314822197,-0.0001950487494468689,-0.0010702088475227356,0.00420064851641655,0.00040642358362674713,-0.00035896338522434235,0.0037830332294106483,0.0001759640872478485,0.0015289345756173134,0.001494046300649643,0.0019679125398397446,0.0010104011744260788,0.0005600843578577042,0.0035656671971082687,0.0031519029289484024,0.016123851761221886,0.018073879182338715
R3,1.0157924,0.04224231094121933,0.12317496538162231,0.17098385095596313,0.2134089469909668,0.2673548460006714,0.3030754029750824,0.3584011495113373,0.44422897696495056,0.5104851722717285,0.567133903503418,0.6085618734359741,0.6315004825592041,0.664483368396759,0.7095747590065002,0.7537208795547485,0.8121742606163025,0.861355185508728,0.9074267148971558,0.9485182762145996,0.9760794639587402,0.9897644519805908,0.9889451265335083,0.9985933303833008,0.9893772006034851,0.9768391251564026,0.9691163301467896,0.9658446907997131,0.9327470064163208,0.9122190475463867,0.9049316644668579,0.8883743286132812,0.8747958540916443,0.854835033416748,0.8488550782203674,0.8493896722793579,0.8477074503898621,0.8497046232223511,0.8561151027679443,0.857395350933075,0.8562246561050415,0.8715046048164368,0.8840532302856445,0.9056248664855957,0.9142377376556396,0.9354761838912964,0.9528369307518005,0.9761090278625488,0.9940817356109619,1.003658652305603,1.0157923698425293,1.0246983766555786,1.0133945941925049,1.0010805130004883,0.9799491167068481,0.955642580986023,0.9178375005722046,0.897518515586853,0.8616762161254883,0.8188853859901428,0.7335023880004883,0.6025741696357727,0.4546126425266266,0.3152575194835663,0.2008901834487915,0.12399636209011078,0.08477697521448135,0.04925048351287842,0.02553398534655571,0.02090287022292614,0.008966782130300999,0.0022324491292238235,0.005055564455688,0.008892381563782692,0.003082357347011566,-0.005808491259813309,0.004170957021415234,0.004227412864565849,-0.0008649416267871857,0.00769959669560194,0.0010771173983812332,0.005201268009841442,0.008092976175248623,0.0022367555648088455,0.004067542031407356,0.0032323449850082397,0.00035851262509822845,0.006598517298698425,0.004040953703224659,0.000646660104393959,0.005328772589564323,0.0016075726598501205,0.003968372009694576,0.007057066075503826,0.005986328236758709,0.0066359518095850945,0.005921780131757259,0.007140209898352623,0.005998613312840462,0.0190403014421463,0.019084103405475616
L3,1.0141867,0.04479777440428734,0.11165301501750946,0.16547411680221558,0.2001039683818817,0.2272646427154541,0.28181999921798706,0.39336949586868286,0.5222445130348206,0.637611448764801,0.7277982831001282,0.8024718761444092,0.8573896884918213,0.8925737142562866,0.9278773069381714,0.9546480774879456,0.9788545966148376,0.9785574674606323,0.9920423030853271,0.9911933541297913,0.9763654470443726,0.9550479054450989,0.9300374984741211,0.9162776470184326,0.8903384208679199,0.8706508874893188,0.8633480072021484,0.8678569793701172,0.8516643643379211,0.8517389893531799,0.8610542416572571,0.8617722392082214,0.8620449304580688,0.8708338141441345,0.880368709564209,0.8898109197616577,0.9077036380767822,0.9224675893783569,0.9297006130218506,0.9396858215332031,0.9457610845565796,0.9560566544532776,0.964902400970459,0.9814784526824951,0.9871333837509155,0.9997975826263428,1.0063250064849854,1.0129477977752686,1.0141867399215698,1.0073968172073364,0.9999364614486694,0.9912927150726318,0.9651284217834473,0.9463218450546265,0.9054001569747925,0.8653477430343628,0.8058525323867798,0.7622397541999817,0.7042567729949951,0.6332651376724243,0.5420213341712952,0.44232606887817383,0.3351376950740814,0.22790706157684326,0.14085446298122406,0.08476573973894119,0.057740096002817154,0.030501309782266617,0.014869023114442825,0.011940548196434975,0.00621398352086544,0.003167170099914074,0.004114983603358269,0.002667579799890518,0.0024897390976548195,-0.0028415024280548096,0.004633842036128044,0.002986110746860504,3.2844021916389465e-05,0.005673620849847794,0.001362411305308342,0.0036392435431480408,0.006548619829118252,0.001013604924082756,0.0043660718947649,0.0025172345340251923,0.001722186803817749,0.006483746692538261,0.003146545961499214,0.003945505246520042,0.004843106493353844,0.003315757028758526,0.0044361380860209465,0.003051990643143654,0.0038978885859251022,0.0034624598920345306,0.00323545653373003,0.005846766754984856,0.005488861817866564,0.01778930425643921,0.019644327461719513
R4,1.0858271,0.05897904187440872,0.15450799465179443,0.27972081303596497,0.40179604291915894,0.519061267375946,0.6146038770675659,0.697391927242279,0.761640191078186,0.8108448386192322,0.8746075630187988,0.9379997253417969,0.9866214990615845,1.03261137008667,1.0666649341583252,1.085827112197876,1.0817583799362183,1.064662218093872,1.040226936340332,1.0129423141479492,0.982248842716217,0.959160327911377,0.9308278560638428,0.9145500063896179,0.9036916494369507,0.8932679891586304,0.8862935900688171,0.8960453271865845,0.8896825313568115,0.8907537460327148,0.9068126678466797,0.9103840589523315,0.9108939170837402,0.9149678945541382,0.9203123450279236,0.9267608523368835,0.9311212301254272,0.9308721423149109,0.9310495853424072,0.9336608648300171,0.9319665431976318,0.9298801422119141,0.9360716342926025,0.9407327175140381,0.9322254657745361,0.9299060106277466,0.923222005367279,0.9228037595748901,0.9173246622085571,0.9086315035820007,0.8943905234336853,0.8864027261734009,0.8634054660797119,0.838991105556488,0.7978099584579468,0.7540779113769531,0.6978708505630493,0.6480727791786194,0.5893969535827637,0.525261402130127,0.449400395154953,0.36992231011390686,0.2764695882797241,0.19321081042289734,0.1310429871082306,0.08160576969385147,0.05833207070827484,0.03452043607831001,0.025693481788039207,0.019530123099684715,0.014858659356832504,0.013906765729188919,0.011938439682126045,0.01207369938492775,0.01246720366179943,0.009352026507258415,0.012509673833847046,0.01275789923965931,0.011373568326234818,0.015671318396925926,0.01167003158479929,0.013486729934811592,0.015456272289156914,0.01342649757862091,0.012163504958152771,0.012122122570872307,0.011863967403769493,0.014165902510285378,0.011753814294934273,0.010631151497364044,0.015267835929989815,0.012552413158118725,0.01186403539031744,0.012701423838734627,0.013781381770968437,0.013097967021167278,0.010910122655332088,0.01283828355371952,0.01757330447435379,0.0340624563395977,0.037555016577243805
L4,1.0847163,0.04895217716693878,0.1335505247116089,0.18730829656124115,0.2617318630218506,0.35412847995758057,0.41192513704299927,0.4767568111419678,0.5650333166122437,0.6273671984672546,0.6805837750434875,0.7222051620483398,0.7295618057250977,0.7493544220924377,0.7802931070327759,0.8084306716918945,0.8488701581954956,0.8868845105171204,0.9221113920211792,0.9520836472511292,0.9727499485015869,0.9791613221168518,0.9670877456665039,0.9727728366851807,0.9556863307952881,0.9370484948158264,0.9259200096130371,0.9243917465209961,0.8915717601776123,0.8712702989578247,0.8727384805679321,0.8657599687576294,0.862878680229187,0.8568702340126038,0.8655182123184204,0.8780967593193054,0.8959246873855591,0.9096584320068359,0.9292254447937012,0.9397091865539551,0.9450952410697937,0.9652534127235413,0.9772111177444458,1.0018219947814941,1.010776400566101,1.0283321142196655,1.038549542427063,1.0575926303863525,1.070775032043457,1.0740010738372803,1.0847163200378418,1.096545934677124,1.0909942388534546,1.088836669921875,1.0901172161102295,1.0834205150604248,1.0617109537124634,1.0465102195739746,1.012014389038086,0.9578882455825806,0.8442522287368774,0.6829664707183838,0.5057382583618164,0.3483142554759979,0.22060349583625793,0.13671118021011353,0.09089749306440353,0.05656009167432785,0.033789217472076416,0.028107676655054092,0.01853676326572895,0.011353159323334694,0.0128644909709692,0.020861271768808365,0.01354307308793068,0.003136472776532173,0.012350247241556644,0.01568819396197796,0.009402422234416008,0.017216620966792107,0.009766688570380211,0.013879412785172462,0.017365653067827225,0.012102462351322174,0.012797663919627666,0.01190017070621252,0.009449206292629242,0.015887204557657242,0.014377713203430176,0.011946099810302258,0.01394595019519329,0.010596361942589283,0.013570236973464489,0.017184270545840263,0.015332324430346489,0.01735781319439411,0.016260549426078796,0.016833193600177765,0.014585491269826889,0.02462857961654663,0.024891408160328865
R5,1.1351464,0.0581229068338871,0.09585349261760712,0.1947558969259262,0.34690195322036743,0.4616480767726898,0.5608651638031006,0.6679495573043823,0.7239665389060974,0.7736296057701111,0.8282307386398315,0.9030147790908813,0.9681229591369629,1.0073298215866089,1.039121150970459,1.0787405967712402,1.1141177415847778,1.1173681020736694,1.1351463794708252,1.1286334991455078,1.1129117012023926,1.0807631015777588,1.055144190788269,1.0290662050247192,1.0025720596313477,0.9702350497245789,0.9506438970565796,0.9514583349227905,0.9329054355621338,0.9263043999671936,0.9252123236656189,0.9201215505599976,0.9197481274604797,0.9324252605438232,0.9439942240715027,0.9526084065437317,0.977039098739624,0.9906032681465149,0.9969150424003601,1.0020653009414673,1.0011570453643799,1.00930655002594,1.0032274723052979,1.0107409954071045,1.002530813217163,1.0050032138824463,0.9917997121810913,0.9814708828926086,0.9702431559562683,0.9584760665893555,0.9409239888191223,0.9346486926078796,0.9147756099700928,0.9024900197982788,0.8815316557884216,0.857109785079956,0.8201634883880615,0.7809006571769714,0.7208329439163208,0.6307612657546997,0.5214084386825562,0.40689828991889954,0.29565268754959106,0.19735102355480194,0.11704281717538834,0.07056228816509247,0.042623553425073624,0.02502358891069889,0.018067095428705215,0.0110467579215765,0.008968906477093697,0.010949062183499336,0.008498896844685078,0.009011564776301384,0.009390166029334068,0.002715582028031349,0.009690302424132824,0.007222349755465984,0.006701494567096233,0.01109172124415636,0.009199265390634537,0.007933082059025764,0.01210607960820198,0.0049425410106778145,0.012437176890671253,0.01121594849973917,0.008195679634809494,0.010553843341767788,0.011826999485492706,0.010150287300348282,0.010465811938047409,0.007038706913590431,0.011403914541006088,0.008501184172928333,0.006862282752990723,0.010206378996372223,0.012160941027104855,0.012653172947466373,0.015118353068828583,0.0343177393078804,0.03770311549305916
L5,1.0733917,0.04177354648709297,0.11656568199396133,0.22218167781829834,0.3100670576095581,0.3875480890274048,0.4829603433609009,0.5708873271942139,0.6422445774078369,0.7270426750183105,0.794987678527832,0.8582199811935425,0.9083784818649292,0.959915041923523,0.9904700517654419,1.0267354249954224,1.0571680068969727,1.0658683776855469,1.0733916759490967,1.0622022151947021,1.047393798828125,1.0297642946243286,1.0130234956741333,0.9912524819374084,0.9705826640129089,0.945051372051239,0.9274365901947021,0.9164897203445435,0.8994952440261841,0.8915398120880127,0.8892375230789185,0.8864922523498535,0.8910479545593262,0.8959482908248901,0.8999639749526978,0.9031679630279541,0.9164594411849976,0.9253472685813904,0.9308208227157593,0.9372084736824036,0.9386503100395203,0.9425005912780762,0.938835084438324,0.939519464969635,0.9347653388977051,0.9314718842506409,0.9225122928619385,0.9152568578720093,0.8976761102676392,0.884343147277832,0.8619594573974609,0.8350459933280945,0.7994783520698547,0.7569085955619812,0.7002922296524048,0.6349233984947205,0.5549356937408447,0.46560245752334595,0.3650781810283661,0.258032888174057,0.16281279921531677,0.0971812903881073,0.05225342884659767,0.0264735147356987,0.009956943802535534,0.0025883656926453114,-0.0017448961734771729,-0.0020771147683262825,-0.0015731528401374817,-0.0010701287537813187,0.0016697105020284653,0.00010840408504009247,-0.0018842127174139023,0.002239510416984558,-0.00035852380096912384,0.0007045567035675049,0.001021629199385643,-0.0008531436324119568,-0.0007914341986179352,0.0030326275154948235,-2.0947307348251343e-05,-0.00011074915528297424,0.0025868024677038193,0.0013496968895196915,0.0009082406759262085,0.002047581598162651,0.0005131717771291733,0.0011114701628684998,-0.0002883821725845337,0.0012731514871120453,0.001479843631386757,-0.0017351042479276657,0.0009242631494998932,0.0008151941001415253,-0.0008985679596662521,7.684342563152313e-05,0.0026033511385321617,0.0009838510304689407,0.0022013855632394552,0.011132265441119671,0.014264996163547039
R6,1.1041139,0.03978676348924637,0.119924396276474,0.22087304294109344,0.28906312584877014,0.35317105054855347,0.44517019391059875,0.5296593904495239,0.5960676074028015,0.6694140434265137,0.7426470518112183,0.815316379070282,0.8759077787399292,0.9395474195480347,0.9851233959197998,1.0357511043548584,1.075166940689087,1.0911864042282104,1.1041139364242554,1.0960514545440674,1.0788564682006836,1.053308129310608,1.026075005531311,0.9955378770828247,0.9653671979904175,0.9288641214370728,0.9032362103462219,0.8877592086791992,0.8637382984161377,0.8513456583023071,0.8466429710388184,0.8425264358520508,0.8461025953292847,0.8501875400543213,0.8557692170143127,0.8626490831375122,0.8793549537658691,0.8904470205307007,0.9017716646194458,0.9099549055099487,0.9141511917114258,0.9238776564598083,0.9279216527938843,0.935906708240509,0.9403570294380188,0.947163462638855,0.9512513875961304,0.9564664363861084,0.9506146311759949,0.9508308172225952,0.943784236907959,0.929455578327179,0.9086986780166626,0.8784089684486389,0.829808235168457,0.7709512710571289,0.6907801628112793,0.5966958999633789,0.48306307196617126,0.3595699965953827,0.2454378604888916,0.14970409870147705,0.0794840157032013,0.04040677845478058,0.02009887620806694,0.0069749364629387856,0.00267795380204916,0.0007903445512056351,-0.0015152376145124435,-0.0003518126904964447,0.0036702491343021393,0.0002830829471349716,-0.0007749684154987335,0.0017788689583539963,-8.337385952472687e-05,0.00030007772147655487,0.00218094140291214,-0.00022018328309059143,0.0011804336681962013,0.004587947390973568,0.001369493082165718,0.0007234420627355576,0.00406035128980875,0.0031006932258605957,0.0011651087552309036,0.002668045461177826,0.0014816541224718094,0.0015353839844465256,6.288290023803711e-05,0.0011779814958572388,0.0027969107031822205,-0.0013752393424510956,0.0010423175990581512,0.0015917811542749405,0.0004984959959983826,5.336292088031769e-05,0.0029190517961978912,0.0012422706931829453,0.0023406969849020243,0.012538742274045944,0.015287567861378193
L6,1.0822041,0.03871889412403107,0.09734203666448593,0.21055445075035095,0.31381678581237793,0.3679782748222351,0.4246652126312256,0.5236790180206299,0.6239503622055054,0.7212011814117432,0.8063232898712158,0.8824636340141296,0.934738039970398,0.9691123962402344,1.0050386190414429,1.0301727056503296,1.0572065114974976,1.068976879119873,1.0822041034698486,1.0784093141555786,1.0675835609436035,1.0512069463729858,1.0315821170806885,1.018759846687317,0.9999515414237976,0.9786332249641418,0.9658616781234741,0.961369514465332,0.9424450397491455,0.9332830905914307,0.933106541633606,0.9235752820968628,0.9160226583480835,0.9143600463867188,0.9118268489837646,0.9072849154472351,0.9152559041976929,0.919934093952179,0.9214041233062744,0.9255144596099854,0.9261868000030518,0.9356831312179565,0.9419550895690918,0.9543993473052979,0.9597119092941284,0.9738656282424927,0.980338454246521,0.9878429174423218,0.987260103225708,0.9765588045120239,0.9635821580886841,0.9537268280982971,0.9189999103546143,0.8799529075622559,0.8297885656356812,0.7693945169448853,0.6867095232009888,0.6112313270568848,0.5393180847167969,0.46947377920150757,0.3898211717605591,0.3178642690181732,0.24212060868740082,0.1676992028951645,0.09994005411863327,0.05938608944416046,0.03776353597640991,0.02032492496073246,0.00747612863779068,0.006279397755861282,0.0013928338885307312,-0.0015083421021699905,-0.0011034049093723297,0.0005701454356312752,-0.0021765120327472687,-0.0028721988201141357,-0.0009304378181695938,-0.0014971233904361725,-0.0031826812773942947,0.003699631430208683,-0.0018309131264686584,0.0013583805412054062,0.0020778775215148926,-0.002975795418024063,0.0005127321928739548,-0.00026904791593551636,-0.0014379657804965973,0.0015466492623090744,0.0005764570087194443,-0.000664684921503067,-0.0002187546342611313,-0.002690522000193596,0.002582690678536892,0.00030005723237991333,-0.0003274194896221161,-0.00012475810945034027,0.0028032949194312096,0.0020598964765667915,0.004917474929243326,0.018495643511414528,0.021421276032924652
R7,1.1282587,0.06487931311130524,0.09242500364780426,0.11330614984035492,0.19462914764881134,0.2509326636791229,0.31367263197898865,0.43201208114624023,0.4997769296169281,0.5692576169967651,0.6378500461578369,0.7016436457633972,0.7346363067626953,0.77400803565979,0.8040158152580261,0.8440463542938232,0.9040420055389404,0.9388799667358398,1.004647970199585,1.0339933633804321,1.0696821212768555,1.0901710987091064,1.1104282140731812,1.1209957599639893,1.1282587051391602,1.1177974939346313,1.117706298828125,1.11910080909729,1.1001384258270264,1.0904685258865356,1.0782952308654785,1.068885326385498,1.0615183115005493,1.063031792640686,1.0576553344726562,1.0450061559677124,1.0558359622955322,1.0524282455444336,1.0455248355865479,1.0431337356567383,1.0412209033966064,1.0418981313705444,1.0338832139968872,1.0454602241516113,1.0345450639724731,1.0365928411483765,1.0181306600570679,1.0051560401916504,0.9870299100875854,0.9624270796775818,0.9344453811645508,0.9136351346969604,0.8733860850334167,0.826156497001648,0.7749239206314087,0.7263643145561218,0.6744738817214966,0.6406830549240112,0.6009361147880554,0.5411508083343506,0.4547961354255676,0.3665391504764557,0.2723199427127838,0.19303834438323975,0.12484723329544067,0.08539634943008423,0.05900727957487106,0.041365984827280045,0.044376447796821594,0.035877883434295654,0.03002197854220867,0.03226679190993309,0.030772969126701355,0.038861095905303955,0.03385951370000839,0.03222264349460602,0.030324144288897514,0.03166985511779785,0.031800463795661926,0.039955638349056244,0.03218619525432587,0.03319442644715309,0.035433411598205566,0.02581671252846718,0.03513460233807564,0.035238441079854965,0.0324401780962944,0.036021821200847626,0.034776270389556885,0.035740356892347336,0.03208853304386139,0.03177601099014282,0.035989660769701004,0.03708697482943535,0.03165541589260101,0.03664105758070946,0.03796418011188507,0.03242219239473343,0.03203472122550011,0.05030575394630432,0.05315010994672775
L7,1.1610367,0.05168168619275093,0.11104580760002136,0.22278252243995667,0.34212541580200195,0.4579727351665497,0.570561408996582,0.6633092164993286,0.7526290416717529,0.8732079863548279,0.9471322298049927,1.0088344812393188,1.0599489212036133,1.1036264896392822,1.1181843280792236,1.1435024738311768,1.161036729812622,1.1471645832061768,1.1313449144363403,1.113696813583374,1.0879697799682617,1.0624840259552002,1.0477372407913208,1.02244234085083,1.0063092708587646,0.9897733926773071,0.9718130826950073,0.9609502553939819,0.9494078159332275,0.9343476891517639,0.9301337003707886,0.9170796871185303,0.909664511680603,0.9078242778778076,0.906490683555603,0.9045945405960083,0.908771812915802,0.9142830967903137,0.9095635414123535,0.9106665849685669,0.9067045450210571,0.9041423797607422,0.8953949809074402,0.8869801163673401,0.8795949220657349,0.8725708723068237,0.8523892164230347,0.8324998617172241,0.7985778450965881,0.773006796836853,0.7232837677001953,0.6752459406852722,0.6150691509246826,0.5461140275001526,0.46855732798576355,0.38254302740097046,0.2908756732940674,0.21386732161045074,0.14713290333747864,0.08760516345500946,0.04292963445186615,0.01908562332391739,0.008626950904726982,-0.0002707152161747217,-0.006892019882798195,-0.002272264566272497,-0.004197585396468639,-0.004235363565385342,-0.0011755237355828285,-0.001291884109377861,0.0012732148170471191,0.0057304417714476585,-0.002098090946674347,0.00102943554520607,0.0027829352766275406,0.0009561218321323395,0.005495049990713596,0.0011413674801588058,5.087815225124359e-05,-0.0023701339960098267,2.767518162727356e-05,0.00020671822130680084,0.004051799885928631,0.0014316942542791367,0.0014210809022188187,0.0033524390310049057,0.0006784964352846146,0.0021214336156845093,0.0037480145692825317,0.0012472793459892273,0.0023765843361616135,0.0001165829598903656,0.0016547814011573792,-0.0014726482331752777,-0.00123555026948452,0.001681668683886528,0.001779785379767418,0.0037819379940629005,0.00762846227735281,0.01717494986951351,0.021922361105680466
L8,1.1962297,0.07499568909406662,0.08433668315410614,0.1889321506023407,0.37283140420913696,0.467345654964447,0.5344083309173584,0.6031883955001831,0.6241005659103394,0.6636520624160767,0.7288736701011658,0.8199324607849121,0.9012068510055542,0.9788100123405457,1.0413777828216553,1.1015653610229492,1.1583671569824219,1.1731133460998535,1.1961071491241455,1.1962296962738037,1.1949951648712158,1.181317925453186,1.1734189987182617,1.1550493240356445,1.1374634504318237,1.1067150831222534,1.0779163837432861,1.0640230178833008,1.0389175415039062,1.0188766717910767,0.9968341588973999,0.9746006727218628,0.9587751626968384,0.9551751613616943,0.9510796070098877,0.947726845741272,0.9568195939064026,0.9617944955825806,0.9609335660934448,0.9671533107757568,0.9744551181793213,0.9825259447097778,0.9876534938812256,0.9977399110794067,0.994032621383667,1.001886010169983,0.9930031299591064,0.9833724498748779,0.9676843881607056,0.9476677179336548,0.9206821322441101,0.9072667956352234,0.874272882938385,0.8342941999435425,0.7884573340415955,0.7410444617271423,0.6766971945762634,0.6222566962242126,0.5751938819885254,0.5137684941291809,0.44107815623283386,0.3571847975254059,0.2631790041923523,0.1799631416797638,0.1165584847331047,0.0781082957983017,0.05569770932197571,0.034418243914842606,0.03093368001282215,0.023233499377965927,0.0195132028311491,0.023382818326354027,0.017295818775892258,0.017886212095618248,0.022394565865397453,0.016780517995357513,0.01943941041827202,0.018766138702630997,0.018798397853970528,0.021232878789305687,0.020513998344540596,0.02063721790909767,0.0208207368850708,0.015780624002218246,0.024123908951878548,0.02268844284117222,0.018591362982988358,0.021543987095355988,0.02153637632727623,0.018695998936891556,0.019710751250386238,0.01776590198278427,0.020044218748807907,0.01817697286605835,0.01646631583571434,0.021258188411593437,0.023062609136104584,0.02372281812131405,0.02994351275265217,0.05611363425850868,0.06015346944332123
R8,1.3782738,0.06466879695653915,0.08344978094100952,0.2298964112997055,0.4899800419807434,0.7058371305465698,0.8153632879257202,0.87321937084198,0.914366602897644,1.0283981561660767,1.1193146705627441,1.234780192375183,1.3187425136566162,1.358878254890442,1.3649747371673584,1.378273844718933,1.362241268157959,1.2997105121612549,1.241093397140503,1.18485689163208,1.1340742111206055,1.0939688682556152,1.0744891166687012,1.0438365936279297,1.0218909978866577,1.0078908205032349,0.9938557147979736,0.9911090135574341,0.9887456893920898,0.9730350375175476,0.9747285842895508,0.9707059860229492,0.9674884080886841,0.9754889607429504,0.9776806831359863,0.9715994596481323,0.9806557893753052,0.9891673922538757,0.9793375730514526,0.9795681238174438,0.9729666113853455,0.9512019753456116,0.9290083646774292,0.9117776155471802,0.8974264860153198,0.8788608908653259,0.8445374965667725,0.8150961399078369,0.7757532000541687,0.7454567551612854,0.6850466132164001,0.6336344480514526,0.5609548091888428,0.48758435249328613,0.4300270676612854,0.34064963459968567,0.23551781475543976,0.15182353556156158,0.09708331525325775,0.05077657103538513,0.027980826795101166,0.022851981222629547,0.02187468111515045,0.007567569613456726,-0.005925806239247322,-0.002352773677557707,-0.01271569263190031,-0.011702344752848148,-0.007258813828229904,-0.008234815672039986,-0.004416981711983681,0.0015865080058574677,-0.011826680973172188,-0.001987878233194351,-0.001203879714012146,-0.00381317175924778,0.002353687770664692,-0.0024152714759111404,-0.007084637880325317,-0.007610216736793518,-0.006784170866012573,-0.004175541922450066,-0.00043732672929763794,-0.003273874521255493,-0.004766099154949188,-0.0025785788893699646,-0.004733214154839516,-0.0007444880902767181,6.448477506637573e-05,-0.0023803021758794785,-0.002057841047644615,-0.005644477903842926,-0.0012690220028162003,-0.008886594325304031,-0.008378526195883751,-0.0024222377687692642,-0.002483818680047989,-0.00048563815653324127,0.0065389941446483135,0.015148840844631195,0.022184956818819046
R9,1.1074512,0.06754256039857864,0.10130812227725983,0.1187443733215332,0.16234160959720612,0.20852920413017273,0.2866661250591278,0.4019537568092346,0.5029776096343994,0.5650618672370911,0.6232576370239258,0.6785730123519897,0.7230233550071716,0.7696384787559509,0.8102635145187378,0.8451365232467651,0.8916560411453247,0.9096454381942749,0.9555704593658447,0.9796446561813354,0.9712353944778442,0.9590450525283813,0.9596403241157532,0.9549388885498047,0.9500545263290405,0.9414691925048828,0.9318633079528809,0.9337694048881531,0.9144565463066101,0.9079078435897827,0.9015533328056335,0.9022975564002991,0.9032361507415771,0.9237969517707825,0.9366083145141602,0.9559854865074158,0.9858289957046509,1.001387596130371,1.014777421951294,1.0224249362945557,1.03318452835083,1.0508040189743042,1.0649139881134033,1.085050106048584,1.093465805053711,1.1074512004852295,1.1032923460006714,1.0983874797821045,1.0872400999069214,1.0648003816604614,1.0406209230422974,1.0174124240875244,0.9781467914581299,0.934745192527771,0.884791910648346,0.8375788927078247,0.7588938474655151,0.6853709816932678,0.590728223323822,0.48641133308410645,0.3754660189151764,0.2818794250488281,0.19780294597148895,0.12568752467632294,0.07889622449874878,0.0549372173845768,0.04698514565825462,0.02482430264353752,0.02666505053639412,0.02642221376299858,0.018411675468087196,0.027115749195218086,0.02286156639456749,0.018723497167229652,0.02339353784918785,0.018451504409313202,0.026954157277941704,0.02183428592979908,0.023510292172431946,0.023873813450336456,0.026146244257688522,0.025836961343884468,0.023396387696266174,0.02321583963930607,0.025963054969906807,0.02631596103310585,0.023409154266119003,0.026140686124563217,0.02475034072995186,0.02368423342704773,0.02642415463924408,0.023065123707056046,0.02587815746665001,0.022317789494991302,0.02056277170777321,0.023320363834500313,0.02505636215209961,0.023552609607577324,0.03060976043343544,0.054538290947675705,0.06059540808200836
L9,1.3137419,0.0532095767557621,0.11342877894639969,0.29052168130874634,0.4950804114341736,0.6307495832443237,0.7171404361724854,0.802269697189331,0.8831311464309692,0.9783480167388916,1.0669326782226562,1.1592998504638672,1.2303571701049805,1.2740716934204102,1.2968659400939941,1.3126134872436523,1.31374192237854,1.2892556190490723,1.2606582641601562,1.2275266647338867,1.1786675453186035,1.1314798593521118,1.0970487594604492,1.0595799684524536,1.0345498323440552,1.006426453590393,0.9807232618331909,0.9732084274291992,0.9550821781158447,0.9381632804870605,0.934515118598938,0.9168067574501038,0.9024317264556885,0.9001173973083496,0.8967660665512085,0.8934082984924316,0.9014459848403931,0.9053574800491333,0.9027392268180847,0.9021043181419373,0.9038936495780945,0.909359872341156,0.9117462635040283,0.9176255464553833,0.923051118850708,0.9362432956695557,0.935594379901886,0.9372198581695557,0.9277769327163696,0.9151833057403564,0.886228084564209,0.8677935600280762,0.8230198621749878,0.7698758840560913,0.7109596729278564,0.6330050230026245,0.5267388224601746,0.4338098168373108,0.3518359959125519,0.2818976640701294,0.21818053722381592,0.1674659550189972,0.12240994721651077,0.0782993957400322,0.04094952717423439,0.025497201830148697,0.015664642676711082,0.007425716146826744,0.004825758747756481,0.0037040822207927704,0.001799747347831726,0.005216518417000771,-0.0001359637826681137,0.00032136309891939163,0.002939872443675995,0.00031453371047973633,0.005706981755793095,0.001657271757721901,0.0019435510039329529,0.0018435288220643997,0.001240469515323639,0.0038719475269317627,0.004244232550263405,0.0014633946120738983,0.0036051850765943527,0.004570683464407921,0.0016447920352220535,0.003933468833565712,0.00632951594889164,0.0016003679484128952,0.003080235794186592,0.0004513300955295563,0.005544915795326233,-0.00041982904076576233,0.0009056888520717621,0.0025673843920230865,0.004386997781693935,0.006493586115539074,0.013805322349071503,0.029266949743032455,0.0344049371778965
R10,1.3392888,0.09273102134466171,0.13191372156143188,0.3346434235572815,0.6400190591812134,0.8696252107620239,0.9412463903427124,0.9630082845687866,0.9765822887420654,1.0469766855239868,1.1275379657745361,1.2278356552124023,1.296083927154541,1.3337857723236084,1.3320467472076416,1.3392888307571411,1.329933762550354,1.2720613479614258,1.2314969301223755,1.1937801837921143,1.1511988639831543,1.1177269220352173,1.108127474784851,1.092177152633667,1.0858564376831055,1.0784580707550049,1.0661211013793945,1.0758545398712158,1.0700594186782837,1.052770972251892,1.0483952760696411,1.0311923027038574,1.0112824440002441,1.003700852394104,0.9931310415267944,0.97818922996521,0.9707541465759277,0.9621279239654541,0.93531334400177,0.9164798259735107,0.9008649587631226,0.8714135885238647,0.8472614884376526,0.8302263021469116,0.8093132376670837,0.7958698868751526,0.7684423923492432,0.7410035133361816,0.7050132751464844,0.6790257692337036,0.6327346563339233,0.6060066819190979,0.5544925332069397,0.5082395672798157,0.462187260389328,0.39726123213768005,0.30849212408065796,0.2528451681137085,0.2202359437942505,0.20342087745666504,0.18919707834720612,0.17407342791557312,0.14611761271953583,0.09669200330972672,0.059701088815927505,0.04421992599964142,0.03359365463256836,0.021837370470166206,0.018457777798175812,0.01277020014822483,0.011301957070827484,0.02139531448483467,0.010593839921057224,0.008106385357677937,0.01731712929904461,0.0068620964884757996,0.02105538733303547,0.01403709314763546,0.011778926476836205,0.00887177512049675,0.011534646153450012,0.01413094624876976,0.01617869734764099,0.01380891166627407,0.01639724150300026,0.016733959317207336,0.011566347442567348,0.014807568863034248,0.017904089763760567,0.012331774458289146,0.015771156176924706,0.01300473790615797,0.015542063862085342,0.007143369875848293,0.00812618900090456,0.01350356638431549,0.012088037095963955,0.01969757117331028,0.031101254746317863,0.04156959429383278,0.04876860976219177
L10,0.970597,0.044837892055511475,0.1062411516904831,0.17344141006469727,0.2155901938676834,0.2507696747779846,0.2964038848876953,0.3936363458633423,0.5132688879966736,0.6152728796005249,0.7025749087333679,0.7773079872131348,0.8280298709869385,0.8578989505767822,0.8924852013587952,0.9189368486404419,0.9421994686126709,0.9457842707633972,0.9604443311691284,0.9664294123649597,0.9589203596115112,0.9450122117996216,0.9228039979934692,0.9188921451568604,0.8952579498291016,0.8786223530769348,0.8752017617225647,0.8839924335479736,0.8649921417236328,0.860601007938385,0.8722895383834839,0.8701631426811218,0.8647943735122681,0.8666495680809021,0.8710947036743164,0.8773158192634583,0.8875386118888855,0.897159993648529,0.9002867937088013,0.9066944718360901,0.9071619510650635,0.914042592048645,0.9227049350738525,0.936882734298706,0.9392068386077881,0.9497122764587402,0.9574122428894043,0.9659398794174194,0.9705970287322998,0.9651262760162354,0.9631019830703735,0.9592856168746948,0.9393863677978516,0.930022656917572,0.8985722064971924,0.8697477579116821,0.8222024440765381,0.7936603426933289,0.7541989088058472,0.7029879093170166,0.6249798536300659,0.5262282490730286,0.4082895517349243,0.2828606367111206,0.1794893890619278,0.10688403248786926,0.07420343160629272,0.04033968597650528,0.015737775713205338,0.012556269764900208,0.005329430103302002,0.0015208544209599495,0.002798013389110565,-0.0003907401114702225,-0.0004065241664648056,-0.0077364444732666016,0.00343294907361269,0.0014327950775623322,-0.003701498731970787,0.004055251367390156,-0.0011797323822975159,0.0023417584598064423,0.005569865927100182,0.00044373422861099243,0.0018185973167419434,-0.000238809734582901,-0.0010733865201473236,0.004194449633359909,0.0005731284618377686,0.00038933008909225464,0.004268735647201538,0.0009869858622550964,0.002069404348731041,0.0006108283996582031,0.0022014882415533066,0.0006807297468185425,-0.00047231651842594147,0.003407674841582775,0.005292555782943964,0.016786567866802216,0.018354717642068863
R11,1.0605154,0.037102773785591125,0.11217286437749863,0.18764951825141907,0.2535061836242676,0.30814406275749207,0.35374295711517334,0.43537217378616333,0.534252405166626,0.622222900390625,0.7077183127403259,0.7919838428497314,0.849968433380127,0.8786430358886719,0.9227386713027954,0.9582289457321167,0.9888882637023926,1.0072413682937622,1.0209964513778687,1.0213468074798584,1.0107110738754272,0.9840562343597412,0.9468957185745239,0.928866446018219,0.8967404365539551,0.8701831102371216,0.8582503795623779,0.8608761429786682,0.8384809494018555,0.8345342874526978,0.8430767059326172,0.8440226316452026,0.8445366621017456,0.8469933271408081,0.8608314394950867,0.875834584236145,0.8955963850021362,0.9115744829177856,0.9276046752929688,0.9367952346801758,0.9394955635070801,0.9585213661193848,0.9683787226676941,0.9870980978012085,0.9953233003616333,1.0132718086242676,1.024399757385254,1.0422699451446533,1.0538568496704102,1.053477168083191,1.0605154037475586,1.066272497177124,1.05344820022583,1.050363302230835,1.0402543544769287,1.0296859741210938,1.004981517791748,0.9862147569656372,0.946547269821167,0.8770713210105896,0.7675906419754028,0.6252548694610596,0.46824899315834045,0.3224813938140869,0.19894759356975555,0.11779937148094177,0.07396642118692398,0.041707031428813934,0.01702086254954338,0.010863203555345535,0.0032061077654361725,-0.00211201049387455,-0.001013806089758873,0.0020165592432022095,-0.004074478521943092,-0.010478325188159943,-0.0013882052153348923,-0.0018028095364570618,-0.007143516093492508,0.0007137935608625412,-0.0052672382444143295,-0.0020552054047584534,0.0021772123873233795,-0.003941034898161888,-0.00015516206622123718,-0.002365581691265106,-0.0049339644610881805,0.0016296841204166412,-0.00011922605335712433,-0.0018795561045408249,-0.0007530674338340759,-0.002788519486784935,0.00020944885909557343,-0.001176854595541954,0.0004018358886241913,0.0005122460424900055,-0.00046517513692379,0.0029524601995944977,0.0010607996955513954,0.015096938237547874,0.016591599211096764
L11,1.0199493,0.042234867811203,0.11549621820449829,0.23308220505714417,0.34493744373321533,0.4467315971851349,0.5058528184890747,0.5819284915924072,0.6708106994628906,0.7302998304367065,0.7992187738418579,0.8773330450057983,0.9365991353988647,0.9618498086929321,0.9933789968490601,1.014373779296875,1.0199493169784546,1.0092531442642212,0.9901769161224365,0.9745500087738037,0.9462538361549377,0.9112834930419922,0.8677059412002563,0.8504565954208374,0.822514533996582,0.8023961782455444,0.798621654510498,0.816475510597229,0.8052330613136292,0.8061289191246033,0.8302850723266602,0.8378434181213379,0.839628279209137,0.8470700979232788,0.8677048683166504,0.8866256475448608,0.9059402942657471,0.921351432800293,0.9386016130447388,0.947529673576355,0.9492061138153076,0.9630550146102905,0.9726948738098145,0.9813831448554993,0.9738458395004272,0.9734213948249817,0.9651951789855957,0.9686523675918579,0.9726535081863403,0.9635430574417114,0.9589029550552368,0.9540596008300781,0.9402798414230347,0.9412276744842529,0.932846188545227,0.9284636378288269,0.9237126708030701,0.9275285005569458,0.9211071729660034,0.8903277516365051,0.8098468780517578,0.680231511592865,0.5203373432159424,0.3652541935443878,0.23554423451423645,0.13825733959674835,0.08474041521549225,0.047190308570861816,0.0187514740973711,0.010299237444996834,0.0033561354503035545,-0.0014225505292415619,-0.0013091787695884705,-0.0001969505101442337,-0.001916801556944847,-0.012045362964272499,-0.0007683467119932175,-8.592940866947174e-05,-0.007907092571258545,-9.556300938129425e-05,-0.004681296646595001,-0.0022317972034215927,0.0034131258726119995,-0.003370216116309166,-0.002212557941675186,-0.003358257934451103,-0.003990264609456062,0.00020415335893630981,-0.0011739172041416168,-0.0037852004170417786,0.0019655562937259674,-0.0013821087777614594,-0.0018762201070785522,-0.0027352217584848404,0.0006053093820810318,0.000330854207277298,-0.003381280228495598,0.00014724768698215485,0.0035285449121147394,0.020350418984889984,0.02122177928686142
R12,1.0573744,0.03827284649014473,0.11867626011371613,0.22473880648612976,0.3113597333431244,0.4079597294330597,0.5188437700271606,0.6009763479232788,0.6637716889381409,0.7163947820663452,0.7546573281288147,0.7848256826400757,0.8175429701805115,0.8570040464401245,0.895794153213501,0.9410254955291748,0.9870427846908569,1.0157053470611572,1.0435576438903809,1.057374358177185,1.0530779361724854,1.0412858724594116,1.0234794616699219,1.0053207874298096,0.9831235408782959,0.9577418565750122,0.9402031898498535,0.9296621084213257,0.9015496969223022,0.8878580331802368,0.8791563510894775,0.8695321083068848,0.8640848398208618,0.8587634563446045,0.8564693927764893,0.8555580377578735,0.860255777835846,0.8629605174064636,0.8672729730606079,0.8704275488853455,0.8674010038375854,0.877595067024231,0.8807023763656616,0.8894104957580566,0.8931971192359924,0.9033085703849792,0.910272479057312,0.923477053642273,0.9338635206222534,0.941206157207489,0.9436302185058594,0.9372541904449463,0.9212400317192078,0.8964581489562988,0.8508957028388977,0.7948513627052307,0.7191915512084961,0.6331119537353516,0.5278962850570679,0.41338127851486206,0.3029659390449524,0.21463772654533386,0.1431586742401123,0.08673031628131866,0.047550708055496216,0.02400907501578331,0.015171974897384644,0.007766536436975002,-0.0009677568450570107,0.00046233460307121277,0.0004400871694087982,-0.001899469643831253,-0.0015051495283842087,-0.0012162737548351288,-0.0019496828317642212,-0.0057062022387981415,-0.00010255910456180573,-0.002746494486927986,-0.0029201246798038483,0.0010184794664382935,-0.0005816332995891571,-0.0009666793048381805,0.0008507613092660904,-0.0006815586239099503,-0.001192878931760788,0.0005799997597932816,-0.0010268036276102066,-0.0011430438607931137,-0.0029180925339460373,-0.0018733479082584381,0.0010056458413600922,-0.0027809198945760727,-0.001535080373287201,-0.0003831107169389725,-0.0013005267828702927,-0.0015251506119966507,0.000342806801199913,0.00018516555428504944,0.0009363777935504913,0.01405235007405281,0.015507031232118607
L12,1.0978341,0.04603375494480133,0.13445264101028442,0.26427778601646423,0.37414559721946716,0.4704568088054657,0.5701067447662354,0.6415771245956421,0.6728461384773254,0.7090070843696594,0.7674018144607544,0.8304206728935242,0.888729453086853,0.9467392563819885,0.987847089767456,1.032254934310913,1.071443796157837,1.0866656303405762,1.0978341102600098,1.0856823921203613,1.0632078647613525,1.0339829921722412,1.0062339305877686,0.9764461517333984,0.9525501132011414,0.9211368560791016,0.9013608694076538,0.8969879150390625,0.8801159858703613,0.8744056224822998,0.8713994026184082,0.8724812269210815,0.8784514665603638,0.8874506950378418,0.895442008972168,0.9041104316711426,0.9224933385848999,0.931350827217102,0.9423866868019104,0.9466432929039001,0.9474667310714722,0.9551044702529907,0.9553650617599487,0.9637542963027954,0.9635963439941406,0.9696742296218872,0.9714517593383789,0.9811175465583801,0.9863060712814331,0.9939292073249817,0.999879777431488,1.0049163103103638,0.9964479207992554,0.98990398645401,0.965874969959259,0.9268584251403809,0.8688591122627258,0.7795203924179077,0.6542216539382935,0.5035150647163391,0.34842848777770996,0.2251061350107193,0.1297147572040558,0.07146438211202621,0.03513812646269798,0.015645097941160202,0.005475061945617199,0.004020019434392452,0.0029318463057279587,0.0010308008641004562,0.0036456212401390076,0.0010388847440481186,0.000904422253370285,0.00436176173388958,0.000918310135602951,-3.13296914100647e-05,0.0016084183007478714,-1.0784715414047241e-05,0.0015180809423327446,0.005760734900832176,0.003123791888356209,0.0020392276346683502,0.004999642260372639,0.0028903111815452576,0.0034020785242319107,0.005145961418747902,0.0020977985113859177,0.003451686352491379,0.0015270709991455078,0.00286070816218853,0.002919573336839676,-0.000512661412358284,0.0034113656729459763,0.0033955350518226624,0.0019139163196086884,0.0013662762939929962,0.004996477626264095,0.003293825313448906,0.004166389349848032,0.0221241507679224,0.02563009411096573
R13,1.0435393,0.04750852286815643,0.12083983421325684,0.20301076769828796,0.31127190589904785,0.4020317494869232,0.5045412182807922,0.60930997133255,0.6944742798805237,0.7570044994354248,0.8075045943260193,0.8437501192092896,0.8621082305908203,0.8977372646331787,0.9235302209854126,0.940935492515564,0.9652431011199951,0.9755340814590454,0.9941539764404297,0.9931946992874146,0.9864857196807861,0.9778051376342773,0.9710195064544678,0.9553548693656921,0.9448449015617371,0.9300748705863953,0.9201594591140747,0.9127810001373291,0.898834228515625,0.8999777436256409,0.9008849263191223,0.9045395851135254,0.9129631519317627,0.926159143447876,0.9351588487625122,0.9436476826667786,0.9647666215896606,0.9766039848327637,0.9876271486282349,0.9979475736618042,1.0087592601776123,1.020117163658142,1.0271103382110596,1.0377346277236938,1.0388374328613281,1.04353928565979,1.0286680459976196,1.0163514614105225,0.9953863620758057,0.9735149145126343,0.9362934231758118,0.8972008228302002,0.8437497019767761,0.7718706130981445,0.6857190728187561,0.5995309948921204,0.4996020793914795,0.41554930806159973,0.3266560435295105,0.23601938784122467,0.15664592385292053,0.10211938619613647,0.06057123839855194,0.03831950202584267,0.02142166718840599,0.012452717870473862,0.008209163323044777,0.0038407212123274803,0.008164589293301105,0.007500575855374336,0.007693128660321236,0.008130441419780254,0.0080939382314682,0.010907353833317757,0.00955570675432682,0.008811731822788715,0.0076044900342822075,0.005996427498757839,0.008567784912884235,0.010813379660248756,0.007492172531783581,0.007073414511978626,0.010586743243038654,0.005070347338914871,0.008308256044983864,0.009586966596543789,0.009236547164618969,0.009368698112666607,0.005788059905171394,0.009795152582228184,0.008106701076030731,0.008072813972830772,0.007478049024939537,0.010231131687760353,0.00758823286741972,0.008925966918468475,0.011312078684568405,0.0072055114433169365,0.008712048642337322,0.022008011117577553,0.02489997260272503
L13,1.1310148,0.06521884351968765,0.09671670198440552,0.22813104093074799,0.42115360498428345,0.5504603981971741,0.6275689601898193,0.6974444389343262,0.7302619218826294,0.7743966579437256,0.8324751853942871,0.9099105596542358,0.9719873070716858,1.012721061706543,1.0479066371917725,1.0851695537567139,1.1216113567352295,1.1223517656326294,1.1310148239135742,1.123240351676941,1.1144444942474365,1.0921169519424438,1.0749800205230713,1.058516263961792,1.0368772745132446,1.0125237703323364,0.9952075481414795,0.994504988193512,0.9787393808364868,0.9699649214744568,0.9634723663330078,0.9527596235275269,0.9420047998428345,0.9396233558654785,0.9409555196762085,0.9380311965942383,0.9448055028915405,0.9483373761177063,0.9451051354408264,0.9454085230827332,0.9416693449020386,0.9440056681632996,0.9407236576080322,0.9442364573478699,0.934237539768219,0.9352879524230957,0.9237127900123596,0.9132325053215027,0.9005731344223022,0.8854292035102844,0.8640505075454712,0.8557988405227661,0.8288266062736511,0.8029463291168213,0.7675004005432129,0.731430172920227,0.6832776069641113,0.6495134234428406,0.6189713478088379,0.5728725790977478,0.5042279958724976,0.41986289620399475,0.319452702999115,0.22264808416366577,0.13981366157531738,0.08669925481081009,0.05641079694032669,0.03536121919751167,0.020797276869416237,0.01291138306260109,0.009513258002698421,0.010635179467499256,0.007329309359192848,0.007012419402599335,0.009204458445310593,0.0013837125152349472,0.008261999115347862,0.006959402002394199,0.004880964756011963,0.008863505907356739,0.007574121467769146,0.007687053643167019,0.010980840772390366,0.003343585878610611,0.011734815314412117,0.009450903162360191,0.0064435359090566635,0.009459531866014004,0.009223871864378452,0.00715181790292263,0.008305754512548447,0.006844254210591316,0.008853724226355553,0.006753554567694664,0.006200065836310387,0.00901162438094616,0.01020641066133976,0.012786220759153366,0.017603619024157524,0.03681347146630287,0.039427533745765686
R14,1.0650805,0.042248792946338654,0.08396472781896591,0.1893286406993866,0.29006120562553406,0.3845350742340088,0.4735569357872009,0.5694959163665771,0.6669222116470337,0.736964225769043,0.7933754920959473,0.85093092918396,0.9056938290596008,0.938528299331665,0.9708954095840454,1.0068612098693848,1.042616844177246,1.056600570678711,1.0650805234909058,1.0584828853607178,1.0390383005142212,1.0090100765228271,0.9786627888679504,0.9536761045455933,0.9226234555244446,0.8916803002357483,0.8742102980613708,0.8682430982589722,0.8463872075080872,0.8391065001487732,0.8436377048492432,0.845291256904602,0.8456059694290161,0.8525816202163696,0.8662929534912109,0.876757025718689,0.8997418880462646,0.9161761999130249,0.9352917671203613,0.9421020150184631,0.9478092193603516,0.9647881388664246,0.971034049987793,0.9819948673248291,0.9832980036735535,0.9890762567520142,0.9904199242591858,0.9984707832336426,1.0060334205627441,1.0110690593719482,1.0168828964233398,1.0229158401489258,1.020158290863037,1.0222784280776978,1.0213887691497803,1.0086324214935303,0.9818425178527832,0.9371621608734131,0.8775153160095215,0.7829544544219971,0.6516513824462891,0.5040763020515442,0.36075982451438904,0.24249400198459625,0.14895780384540558,0.08600611239671707,0.04588278755545616,0.028374582529067993,0.011646134778857231,0.0070890579372644424,0.005584441125392914,0.0016647214069962502,0.001378593035042286,0.005668246187269688,0.003897569142282009,0.0004837680608034134,0.004320618696510792,0.004021050408482552,-0.0007126107811927795,0.006365494802594185,0.0033235345035791397,0.003938369452953339,0.005710613913834095,0.0023853592574596405,0.004074744880199432,0.0048536621034145355,0.003436632454395294,0.0045305173844099045,0.004011307843029499,0.0036450065672397614,0.005011577159166336,0.002640767954289913,0.004971238784492016,0.004382418468594551,0.004438312724232674,0.004038979299366474,0.0052520502358675,0.006979973055422306,0.008556509390473366,0.025583699345588684,0.026615794748067856
L14,1.0651054,0.05198417231440544,0.13253189623355865,0.2654181718826294,0.39820992946624756,0.5067718029022217,0.578535795211792,0.6492012739181519,0.7086894512176514,0.7584232091903687,0.8306714296340942,0.9107263088226318,0.9682536125183105,1.0096275806427002,1.038637399673462,1.059291124343872,1.0651054382324219,1.0550330877304077,1.0388072729110718,1.0200676918029785,0.9936907291412354,0.9677486419677734,0.9380543828010559,0.9214379191398621,0.9050554037094116,0.8865827322006226,0.879640519618988,0.8888461589813232,0.8766955137252808,0.8709204196929932,0.8808655738830566,0.8795648813247681,0.8753011226654053,0.8733817338943481,0.8783208727836609,0.8866027593612671,0.8922052383422852,0.8951168060302734,0.9004928469657898,0.9055064916610718,0.9084278345108032,0.9161692261695862,0.9286117553710938,0.9390983581542969,0.9347476959228516,0.9393918514251709,0.9376320242881775,0.9405266046524048,0.9389309883117676,0.9258300065994263,0.9109207987785339,0.8940950036048889,0.862472414970398,0.8295254111289978,0.7765849828720093,0.7202274799346924,0.6533674597740173,0.60019451379776,0.5466114282608032,0.5029492974281311,0.45456069707870483,0.3918580114841461,0.30512765049934387,0.21735838055610657,0.14523279666900635,0.08654069900512695,0.059755947440862656,0.03226390480995178,0.01625221222639084,0.010799459181725979,0.00437193363904953,0.0029150303453207016,0.0025536706671118736,0.0017329147085547447,0.0020631756633520126,-0.004515711218118668,0.0027427971363067627,0.002139158546924591,-0.0011280123144388199,0.0049895476549863815,-5.0965696573257446e-05,0.0022894199937582016,0.006156786344945431,0.0016071759164333344,0.0017608068883419037,0.0009175427258014679,0.00034079328179359436,0.003151841461658478,0.0014765653759241104,-0.0004068613052368164,0.005202624946832657,0.0015856064856052399,0.001544739119708538,0.0012204516679048538,0.0033283457159996033,0.0029588062316179276,0.0011121369898319244,0.002040688879787922,0.008907612413167953,0.02478659525513649,0.02664247341454029
R15,1.0274851,0.05934276804327965,0.1070607453584671,0.20115011930465698,0.31198787689208984,0.4061083197593689,0.4886797070503235,0.5717489123344421,0.6478722095489502,0.7212164998054504,0.7851547002792358,0.8450601696968079,0.8900870084762573,0.9268002510070801,0.9549719095230103,0.9831007719039917,1.0103349685668945,1.0147725343704224,1.0274851322174072,1.0267038345336914,1.01735258102417,1.0045281648635864,0.9912693500518799,0.9827519655227661,0.9675182700157166,0.9544941782951355,0.9457294940948486,0.9455458521842957,0.9307461977005005,0.9220608472824097,0.9207944869995117,0.9157540798187256,0.9087147116661072,0.9079031348228455,0.906026303768158,0.9062774777412415,0.909699559211731,0.9114456176757812,0.908905029296875,0.909380316734314,0.906383216381073,0.9050699472427368,0.9057148098945618,0.9125387668609619,0.9116905927658081,0.918021559715271,0.9192909002304077,0.9192900657653809,0.9150209426879883,0.9076430797576904,0.895470380783081,0.8859755992889404,0.8590651750564575,0.8283173441886902,0.7844564318656921,0.7306226491928101,0.6522076725959778,0.5820659399032593,0.510231614112854,0.440487265586853,0.3736231029033661,0.3092426061630249,0.24012421071529388,0.16367307305335999,0.1030263751745224,0.06472975015640259,0.0473366416990757,0.027829069644212723,0.014979961328208447,0.013100696727633476,0.00870299432426691,0.009426233358681202,0.007230471819639206,0.005039450712502003,0.0075353411957621574,0.0024140849709510803,0.009857836179435253,0.007192730903625488,0.004542573355138302,0.0088319331407547,0.007345625199377537,0.008560511283576488,0.00945514440536499,0.0077375927940011024,0.009079876355826855,0.008175570517778397,0.006460142321884632,0.008969230577349663,0.006986652500927448,0.006646584719419479,0.00952183734625578,0.006477855145931244,0.008288195356726646,0.006310482509434223,0.006254971027374268,0.006970132701098919,0.007862919941544533,0.010436676442623138,0.015005845576524734,0.029249656945466995,0.03247284144163132
L15,1.0519676,0.03651357814669609,0.09364359080791473,0.14573144912719727,0.2126154601573944,0.2728438377380371,0.31644558906555176,0.39845550060272217,0.4982869327068329,0.5787835717201233,0.6525198221206665,0.7254548072814941,0.7770720720291138,0.8093127608299255,0.8550875186920166,0.8949788212776184,0.9366027116775513,0.963391125202179,0.9887549877166748,1.001089334487915,1.0031650066375732,0.9888360500335693,0.9661749005317688,0.957237720489502,0.9322239756584167,0.9111340045928955,0.9022530317306519,0.9043968319892883,0.8810383081436157,0.8737490177154541,0.8779861927032471,0.8757244348526001,0.8733832836151123,0.8721312284469604,0.8807367086410522,0.8904320001602173,0.9074814915657043,0.919575572013855,0.9331735968589783,0.9398708343505859,0.9414794445037842,0.9575810432434082,0.965252697467804,0.9837682247161865,0.9890353083610535,1.0043668746948242,1.0115067958831787,1.0264232158660889,1.0388764142990112,1.042262077331543,1.0519676208496094,1.0626249313354492,1.0533581972122192,1.0545390844345093,1.0540802478790283,1.049271821975708,1.0300129652023315,1.0167666673660278,0.9812377691268921,0.9156566262245178,0.8055647611618042,0.654877781867981,0.49076607823371887,0.33767130970954895,0.20790991187095642,0.12281057238578796,0.07382448762655258,0.04051787778735161,0.01674894616007805,0.009991943836212158,0.0011499244719743729,-0.004916012287139893,-0.003206999972462654,0.0013835001736879349,-0.004753751680254936,-0.012323914095759392,-0.0037740785628557205,-0.0032306835055351257,-0.009082034230232239,-0.00038596056401729584,-0.006803868338465691,-0.0035180021077394485,0.000476103276014328,-0.006833348423242569,-0.0026759542524814606,-0.0041632279753685,-0.0063419584184885025,-0.0002313181757926941,-0.0026175938546657562,-0.004269298166036606,-0.0025778878480196,-0.004996130242943764,-0.0020315125584602356,-0.0018603764474391937,-0.0019013173878192902,-0.0006156452000141144,-0.001487603411078453,0.000954899936914444,-0.0005230186507105827,0.01544908620417118,0.016587140038609505
R16,1.0111316,0.04617130756378174,0.11352517455816269,0.14276857674121857,0.16197086870670319,0.20142456889152527,0.2571025788784027,0.3365686535835266,0.4207577407360077,0.48646849393844604,0.5470761656761169,0.5998476147651672,0.6394779086112976,0.6859228610992432,0.7328424453735352,0.7798025012016296,0.8344181180000305,0.8734380602836609,0.9139931201934814,0.9410148859024048,0.9608536958694458,0.9667552709579468,0.9605412483215332,0.961814284324646,0.9487905502319336,0.9340168237686157,0.9249800443649292,0.9213743209838867,0.8957449793815613,0.8817018270492554,0.8818891048431396,0.8768014907836914,0.8744288086891174,0.870461106300354,0.8736445903778076,0.8838131427764893,0.8922585248947144,0.9003809690475464,0.9101652503013611,0.9166703224182129,0.9158744812011719,0.9280505180358887,0.9375224113464355,0.9548181295394897,0.9591852426528931,0.9723696708679199,0.9817597270011902,0.9929445385932922,1.000952959060669,1.0049583911895752,1.0111316442489624,1.018384575843811,1.0093004703521729,1.0033955574035645,0.9877450466156006,0.9661062359809875,0.9235965013504028,0.8880859613418579,0.8307274580001831,0.7599266767501831,0.6622729301452637,0.5352124571800232,0.4015270471572876,0.2758377492427826,0.17590412497520447,0.10872165113687515,0.07485443353652954,0.042113203555345535,0.02433295175433159,0.019679900258779526,0.01028849370777607,0.004546266049146652,0.006159261800348759,0.009690608829259872,0.005315815098583698,-0.0008992236107587814,0.005398356355726719,0.006275113672018051,0.002433130517601967,0.009481591172516346,0.00449196994304657,0.007033387199044228,0.009066938422620296,0.0045888181775808334,0.005853649228811264,0.00509386882185936,0.0034150835126638412,0.00900451373308897,0.005299823358654976,0.003860149532556534,0.007464936934411526,0.003492864780128002,0.005565974861383438,0.0083909397944808,0.007147529162466526,0.007654921151697636,0.00734846293926239,0.008470751345157623,0.007313677575439215,0.020868634805083275,0.0221545547246933
L16,1.2270148,0.07272401452064514,0.0990363210439682,0.23889978229999542,0.4452330470085144,0.5994635820388794,0.6897951364517212,0.7557697296142578,0.7904361486434937,0.8538370728492737,0.9237688779830933,1.0153483152389526,1.0898953676223755,1.141859531402588,1.174645185470581,1.207718849182129,1.2270147800445557,1.2051661014556885,1.1916248798370361,1.1708247661590576,1.1463851928710938,1.1177122592926025,1.095611810684204,1.0743775367736816,1.0505671501159668,1.0273346900939941,1.0057404041290283,1.0038609504699707,0.9894182682037354,0.9745837450027466,0.9697622060775757,0.955903172492981,0.9415507316589355,0.938652515411377,0.9367324113845825,0.9294198751449585,0.932254433631897,0.9338352680206299,0.9245915412902832,0.9255431890487671,0.9177494645118713,0.9104170799255371,0.9018535614013672,0.8969016075134277,0.8827087879180908,0.8746402859687805,0.8533353805541992,0.8317334055900574,0.8056672811508179,0.7811014652252197,0.7416414022445679,0.7189391255378723,0.6794996857643127,0.6423277258872986,0.5981709957122803,0.5503508448600769,0.4870450794696808,0.4463568329811096,0.4208014905452728,0.3923954367637634,0.35300248861312866,0.30819395184516907,0.24677537381649017,0.17220056056976318,0.10950345546007156,0.07104483246803284,0.04814797267317772,0.030970711261034012,0.0191513542085886,0.013216965831816196,0.012035232037305832,0.015173838473856449,0.007991120219230652,0.0075498465448617935,0.012258794158697128,0.004939545877277851,0.01302669569849968,0.010895408689975739,0.008244904689490795,0.008780261501669884,0.009996616281569004,0.01076775137335062,0.013731058686971664,0.007967755198478699,0.012729582376778126,0.01182127371430397,0.009553099982440472,0.01176094077527523,0.012384198606014252,0.009334920905530453,0.012094462290406227,0.009296269156038761,0.011204687878489494,0.006432319991290569,0.007536333054304123,0.010701173916459084,0.01118477899581194,0.014803051948547363,0.02261860854923725,0.039139293134212494,0.04384922981262207
R17,1.0458038,0.05526135116815567,0.08228705823421478,0.15409478545188904,0.24224203824996948,0.3019734025001526,0.3595522344112396,0.4338284134864807,0.4925271272659302,0.5421838164329529,0.5889367461204529,0.6420573592185974,0.6919516324996948,0.7393435835838318,0.7913338541984558,0.8428557515144348,0.9069482088088989,0.9425644874572754,0.99088054895401,1.020869493484497,1.0401344299316406,1.0430958271026611,1.0415306091308594,1.0458037853240967,1.0340039730072021,1.021783471107483,1.0125842094421387,1.0076863765716553,0.9854931831359863,0.9704127907752991,0.9603387117385864,0.947963535785675,0.9349859356880188,0.9294649362564087,0.922743558883667,0.9146173000335693,0.9138158559799194,0.9124168157577515,0.9073615670204163,0.9069835543632507,0.894656240940094,0.8965014219284058,0.8925835490226746,0.8960992693901062,0.8901291489601135,0.8950271606445312,0.8903279304504395,0.8875197172164917,0.884512722492218,0.8742246627807617,0.8632901906967163,0.8543506264686584,0.8300662040710449,0.8006383776664734,0.7590756416320801,0.7154569625854492,0.6574586629867554,0.6066540479660034,0.5574628114700317,0.5014691948890686,0.42992305755615234,0.3595060706138611,0.28410646319389343,0.19718419015407562,0.12288147211074829,0.0770980641245842,0.054467856884002686,0.03250647336244583,0.014395611360669136,0.013056408613920212,0.0081227021291852,0.00803880114108324,0.006760554388165474,0.004561783745884895,0.006243093870580196,-0.0005830749869346619,0.0069152722135186195,0.005648505873978138,0.0028940457850694656,0.008185602724552155,0.00830613449215889,0.008214777335524559,0.008518243208527565,0.004310093820095062,0.008611304685473442,0.007573257200419903,0.005668853409588337,0.007645933888852596,0.005741044878959656,0.004966189153492451,0.008626166731119156,0.004696290008723736,0.0073702456429600716,0.006632133387029171,0.004151551052927971,0.006158045493066311,0.00898788496851921,0.009184185415506363,0.01360674574971199,0.03252028301358223,0.035606808960437775
L17,1.0661917,0.049828022718429565,0.14686909317970276,0.20739050209522247,0.290337473154068,0.3941635489463806,0.45662426948547363,0.5232519507408142,0.60832279920578,0.6679043173789978,0.7190765142440796,0.7619937658309937,0.77271568775177,0.7898417711257935,0.8206648230552673,0.8445230722427368,0.8745585083961487,0.9007527828216553,0.9257976412773132,0.9483275413513184,0.9624284505844116,0.9642864465713501,0.9457868337631226,0.9510147571563721,0.9306970834732056,0.9131959676742554,0.9033893346786499,0.9074270725250244,0.877678394317627,0.8621070384979248,0.8710818290710449,0.8676433563232422,0.8668938279151917,0.8649393916130066,0.8764169216156006,0.8904532194137573,0.9088869094848633,0.9232632517814636,0.9406658411026001,0.952390730381012,0.9544148445129395,0.971831738948822,0.9817959070205688,1.004162311553955,1.0099828243255615,1.0237780809402466,1.0300614833831787,1.0458472967147827,1.0564829111099243,1.0581750869750977,1.0661916732788086,1.0784776210784912,1.0723941326141357,1.0757166147232056,1.0790690183639526,1.0787580013275146,1.0639028549194336,1.0596956014633179,1.0325322151184082,0.9822996258735657,0.8677322864532471,0.7075203061103821,0.5301262140274048,0.3661235570907593,0.23176050186157227,0.14236505329608917,0.09530793130397797,0.057936254888772964,0.033117715269327164,0.02668008767068386,0.017003683373332024,0.009159836918115616,0.01076789665967226,0.01746782660484314,0.009878182783722878,-0.0014682132750749588,0.00952195469290018,0.01250317133963108,0.006279371678829193,0.014236437156796455,0.006755299866199493,0.010864564217627048,0.015312224626541138,0.009539881721138954,0.009853570722043514,0.00819438323378563,0.00637888815253973,0.013815773651003838,0.011103945784270763,0.009139906615018845,0.01176529936492443,0.007948714308440685,0.010712578892707825,0.013972473330795765,0.012536110356450081,0.013831363059580326,0.01263147871941328,0.013829047791659832,0.011847258545458317,0.02066589519381523,0.021409332752227783
R18,1.113759,0.06407563388347626,0.11199622601270676,0.22509729862213135,0.3514917492866516,0.44910579919815063,0.5132988691329956,0.5830786228179932,0.6649768352508545,0.7470827102661133,0.817947268486023,0.8899825811386108,0.9555616974830627,1.0069770812988281,1.0496073961257935,1.0859088897705078,1.1137590408325195,1.1079753637313843,1.1105793714523315,1.1093411445617676,1.0884630680084229,1.0641331672668457,1.0373731851577759,1.0225015878677368,0.9974740743637085,0.9777646660804749,0.9599486589431763,0.9602259397506714,0.939641535282135,0.9247186183929443,0.923059344291687,0.9065157175064087,0.8883019089698792,0.8820082545280457,0.8766480684280396,0.8709864616394043,0.8687487840652466,0.8687541484832764,0.861014723777771,0.8620275259017944,0.855104923248291,0.8550025224685669,0.8557009100914001,0.8602532744407654,0.8564914464950562,0.8623790144920349,0.8610634803771973,0.8594165444374084,0.8546185493469238,0.8455723524093628,0.8283449411392212,0.8192523121833801,0.7938172221183777,0.7727004885673523,0.7321110367774963,0.6880511045455933,0.6220492124557495,0.5718262195587158,0.5232548713684082,0.47860169410705566,0.4255926012992859,0.36867740750312805,0.30162033438682556,0.20875488221645355,0.13202306628227234,0.08377068489789963,0.061953961849212646,0.037246305495500565,0.017294514924287796,0.01471978984773159,0.010170120745897293,0.011069931089878082,0.00818692333996296,0.001734304241836071,0.007635363377630711,-0.0015120506286621094,0.011351952329277992,0.007545812055468559,0.0040537649765610695,0.006494471803307533,0.007826104760169983,0.008871220983564854,0.01004483550786972,0.007189161144196987,0.009316753596067429,0.007843062281608582,0.005849558860063553,0.008408076129853725,0.007685679942369461,0.005391577258706093,0.010744805447757244,0.006811446510255337,0.00818127952516079,0.00418409239500761,0.005471176467835903,0.006189844571053982,0.006241911090910435,0.011558108031749725,0.019014570862054825,0.03440171480178833,0.038011230528354645
R19,1.0086468,0.03388592228293419,0.0999479815363884,0.1751905381679535,0.2545492649078369,0.32140761613845825,0.37139517068862915,0.45959943532943726,0.5620729923248291,0.6486017107963562,0.7236247062683105,0.7951183319091797,0.8431532382965088,0.8603661060333252,0.8961942791938782,0.9249265789985657,0.9537879228591919,0.967415452003479,0.9833330512046814,0.9895099997520447,0.9845753908157349,0.9656108021736145,0.938262939453125,0.9297114014625549,0.9023004770278931,0.8833191394805908,0.878644585609436,0.8881148099899292,0.8692746162414551,0.8682307004928589,0.8800114393234253,0.8808268308639526,0.878947377204895,0.880639374256134,0.8911585807800293,0.8993973731994629,0.9144223928451538,0.9265018701553345,0.9350093603134155,0.9408349990844727,0.938096284866333,0.9517578482627869,0.9569709897041321,0.9713704586029053,0.9732180833816528,0.9852389097213745,0.9888695478439331,0.9996261596679688,1.008646845817566,1.0061651468276978,1.0081796646118164,1.0123487710952759,0.996024489402771,0.9934841394424438,0.9840137958526611,0.9754985570907593,0.9532066583633423,0.9461692571640015,0.9209517240524292,0.8671299815177917,0.7692341804504395,0.6371464729309082,0.48785924911499023,0.33866244554519653,0.20790784060955048,0.12174557894468307,0.07536759227514267,0.04131218045949936,0.013934372924268246,0.00732403714209795,-0.0014385785907506943,-0.007108878344297409,-0.0053430888801813126,-0.0028945021331310272,-0.00878722034394741,-0.01652332954108715,-0.006099700927734375,-0.0066563840955495834,-0.012553155422210693,-0.0037376750260591507,-0.009982755407691002,-0.006274936720728874,-0.0014856420457363129,-0.010109404101967812,-0.005330812186002731,-0.007481498643755913,-0.009312605485320091,-0.0026352331042289734,-0.0056250859051942825,-0.007097300142049789,-0.004860850051045418,-0.007446279749274254,-0.00434042327105999,-0.005643270909786224,-0.004525037482380867,-0.004768688231706619,-0.005266973748803139,-0.0023265983909368515,-0.003173744771629572,0.009693224914371967,0.010776862502098083
