ID,PeakvGRF,vGRF_0,vGRF_1,vGRF_2,vGRF_3,vGRF_4,vGRF_5,vGRF_6,vGRF_7,vGRF_8,vGRF_9,vGRF_10,vGRF_11,vGRF_12,vGRF_13,vGRF_14,vGRF_15,vGRF_16,vGRF_17,vGRF_18,vGRF_19,vGRF_20,vGRF_21,vGRF_22,vGRF_23,vGRF_24,vGRF_25,vGRF_26,vGRF_27,vGRF_28,vGRF_29,vGRF_30,vGRF_31,vGRF_32,vGRF_33,vGRF_34,vGRF_35,vGRF_36,vGRF_37,vGRF_38,vGRF_39,vGRF_40,vGRF_41,vGRF_42,vGRF_43,vGRF_44,vGRF_45,vGRF_46,vGRF_47,vGRF_48,vGRF_49,vGRF_50,vGRF_51,vGRF_52,vGRF_53,vGRF_54,vGRF_55,vGRF_56,vGRF_57,vGRF_58,vGRF_59,vGRF_60,vGRF_61,vGRF_62,vGRF_63,vGRF_64,vGRF_65,vGRF_66,vGRF_67,vGRF_68,vGRF_69,vGRF_70,vGRF_71,vGRF_72,vGRF_73,vGRF_74,vGRF_75,vGRF_76,vGRF_77,vGRF_78,vGRF_79,vGRF_80,vGRF_81,vGRF_82,vGRF_83,vGRF_84,vGRF_85,vGRF_86,vGRF_87,vGRF_88,vGRF_89,vGRF_90,vGRF_91,vGRF_92,vGRF_93,vGRF_94,vGRF_95,vGRF_96,vGRF_97,vGRF_98,vGRF_99
R0,1.0049784,0.03551960363984108,0.11088135838508606,0.22173254191875458,0.3161415755748749,0.3908507227897644,0.48986002802848816,0.6020931005477905,0.6849989295005798,0.7614342570304871,0.8184471726417542,0.8702824115753174,0.9097460508346558,0.937286376953125,0.9497218132019043,0.9695820808410645,0.9933523535728455,0.9953573942184448,1.0049784183502197,0.9950612783432007,0.9796236157417297,0.9577506184577942,0.9413408041000366,0.9247894287109375,0.9066786170005798,0.8877253532409668,0.8806538581848145,0.8825991153717041,0.8748415112495422,0.8772425651550293,0.8844329118728638,0.8906387090682983,0.9011579751968384,0.9151641726493835,0.9259688854217529,0.933873176574707,0.9523428678512573,0.9630480408668518,0.9686461687088013,0.9718775153160095,0.9700754284858704,0.9743776321411133,0.9677443504333496,0.9687207341194153,0.9623293876647949,0.9599418640136719,0.9515892267227173,0.9471823573112488,0.9391136169433594,0.9303014874458313,0.9193346500396729,0.9059396982192993,0.881103515625,0.8553513288497925,0.8138322830200195,0.7628703117370605,0.6922584176063538,0.6052237749099731,0.4982137382030487,0.37811946868896484,0.26018673181533813,0.1720781773328781,0.10496899485588074,0.0606558620929718,0.026318158954381943,0.008891234174370766,-5.550403147935867e-05,-0.0036477288231253624,-0.0048963092267513275,-0.005138572305440903,-0.00420745275914669,-0.006007727235555649,-0.005874183028936386,-0.0034447815269231796,-0.005400709807872772,-0.006512759253382683,-0.0055321939289569855,-0.006272720173001289,-0.006216594949364662,-0.0014833956956863403,-0.004532827064394951,-0.0048972200602293015,-0.0030861571431159973,-0.005831874907016754,-0.003251047804951668,-0.003432072699069977,-0.004470622166991234,-0.003343544900417328,-0.005084492266178131,-0.0032342802733182907,-0.0039922986179590225,-0.006555676460266113,-0.0033645015209913254,-0.0035329926759004593,-0.005746489390730858,-0.004693010821938515,-0.0017715487629175186,-0.003394758328795433,-0.003758345264941454,0.006940939929336309,0.009072109125554562
L0,1.0200927,0.03854144364595413,0.08729321509599686,0.09366238862276077,0.05265731364488602,0.014766208827495575,0.007912352681159973,0.10243955254554749,0.2670421600341797,0.40417665243148804,0.4928062856197357,0.548815131187439,0.5858530402183533,0.6052036285400391,0.6455354690551758,0.6827353835105896,0.7435206770896912,0.7825301885604858,0.8439731597900391,0.8940831422805786,0.9203571081161499,0.9297211170196533,0.9186856746673584,0.9380119442939758,0.9171550869941711,0.9056686162948608,0.9087047576904297,0.9196875095367432,0.8885790109634399,0.8770152926445007,0.8832913637161255,0.8699431419372559,0.8542601466178894,0.8455253839492798,0.842574954032898,0.8454146385192871,0.849250078201294,0.8590353727340698,0.8600684404373169,0.8651844263076782,0.8624932765960693,0.8768417835235596,0.8880745768547058,0.9123159646987915,0.9214773178100586,0.9446966648101807,0.9676156044006348,0.9873757362365723,1.0052613019943237,1.0053380727767944,1.0200927257537842,1.0296975374221802,1.0183069705963135,1.0303447246551514,1.0224486589431763,1.01922607421875,0.9916358590126038,0.9932087659835815,0.9756945371627808,0.946420431137085,0.8729346990585327,0.7551440596580505,0.6125814914703369,0.4288671016693115,0.26999083161354065,0.16482684016227722,0.11770761758089066,0.0648578554391861,0.023143213242292404,0.019517764449119568,0.003766980953514576,-0.0027505047619342804,0.002218574285507202,-0.004447354003787041,-0.005872813984751701,-0.018069373443722725,0.0009782332926988602,-0.002083864063024521,-0.011807350441813469,0.0004232879728078842,-0.005994681268930435,-0.0005865823477506638,0.0017006713896989822,-0.0038347113877534866,-0.0007925499230623245,-0.00490565225481987,-0.007466083392500877,0.0015282128006219864,-0.0030264854431152344,-0.004217499867081642,0.001014048233628273,-0.004029737785458565,-5.583837628364563e-05,-0.0028201956301927567,-0.0018080510199069977,-0.003407564014196396,-0.004421660676598549,0.003135853447020054,0.0022146347910165787,0.010238436982035637,0.010547878220677376
R1,1.0435091,0.05323397368192673,0.1616051197052002,0.30776962637901306,0.4349374771118164,0.5406171083450317,0.6099495887756348,0.6857912540435791,0.7915202379226685,0.8747525215148926,0.938164472579956,0.9877483248710632,1.0146219730377197,1.0319139957427979,1.0435091257095337,1.0431427955627441,1.0432054996490479,1.0268840789794922,1.0178117752075195,1.0026535987854004,0.9668575525283813,0.9375333189964294,0.9084950089454651,0.8934245109558105,0.8730405569076538,0.8600145578384399,0.8543719053268433,0.8622860312461853,0.853938102722168,0.8560507297515869,0.8630771636962891,0.8666087985038757,0.8621822595596313,0.8680902719497681,0.8743705749511719,0.8759646415710449,0.8812751173973083,0.8876498937606812,0.8898780345916748,0.8927081823348999,0.8941177725791931,0.9048582911491394,0.9118751287460327,0.9202627539634705,0.9273395538330078,0.9369712471961975,0.9383636713027954,0.9392480850219727,0.9343321919441223,0.9205672740936279,0.8972806334495544,0.8699280023574829,0.8251044750213623,0.762494683265686,0.6806396842002869,0.5939562320709229,0.48827502131462097,0.40345299243927,0.33003413677215576,0.27428174018859863,0.21918581426143646,0.17778271436691284,0.1454850286245346,0.10275017470121384,0.060723382979631424,0.038447197526693344,0.03057313710451126,0.02074824646115303,0.007420002482831478,0.00885835476219654,0.005967221222817898,0.004832945764064789,0.0065246326848864555,0.003070787526667118,0.005079199559986591,-0.0009653214365243912,0.0074617816135287285,0.0041539669036865234,0.002892106771469116,0.0056358277797698975,0.005088226869702339,0.005981842987239361,0.007625073194503784,0.005677970126271248,0.007189718075096607,0.005475865676999092,0.005556190386414528,0.005966487340629101,0.004403911530971527,0.004401063546538353,0.007548161782324314,0.0052632540464401245,0.0071562305092811584,0.0035075098276138306,0.0046712979674339294,0.0029154373332858086,0.007099335081875324,0.006720836274325848,0.012325379997491837,0.01906980201601982,0.02145371399819851
L1,1.2811658,0.08938755095005035,0.10838818550109863,0.21851131319999695,0.3778000473976135,0.467572957277298,0.48962104320526123,0.5088499784469604,0.49865809082984924,0.4967970848083496,0.5585177540779114,0.6609272956848145,0.7647902965545654,0.8726860880851746,0.972085177898407,1.0673635005950928,1.155439853668213,1.2006053924560547,1.254765510559082,1.2804713249206543,1.2811658382415771,1.2678887844085693,1.259803295135498,1.2431756258010864,1.2268831729888916,1.1889033317565918,1.1440907716751099,1.122666835784912,1.0755729675292969,1.038568377494812,1.0000135898590088,0.9628839492797852,0.9319905042648315,0.914741575717926,0.9026579260826111,0.8932809829711914,0.8973900079727173,0.8939691185951233,0.8929322957992554,0.8931521773338318,0.8925665616989136,0.908772349357605,0.9174331426620483,0.9318392276763916,0.931124210357666,0.9445825815200806,0.9402951002120972,0.9366322755813599,0.9217655062675476,0.9051908254623413,0.8869215250015259,0.8851327896118164,0.8671998977661133,0.8519641160964966,0.8336328268051147,0.8266944885253906,0.8030309677124023,0.7765626907348633,0.7372987866401672,0.6703861951828003,0.5649086236953735,0.4473103880882263,0.32641541957855225,0.22156450152397156,0.14653870463371277,0.10107947140932083,0.07721436768770218,0.05259579420089722,0.04449547082185745,0.037528492510318756,0.03166867420077324,0.03883593901991844,0.031860820949077606,0.02834957465529442,0.03215480223298073,0.026506230235099792,0.0360758975148201,0.030623022466897964,0.03277488797903061,0.03375505656003952,0.03639973700046539,0.03636829927563667,0.0347428172826767,0.03244221955537796,0.038650043308734894,0.038970813155174255,0.031952865421772,0.03400714695453644,0.03689321130514145,0.030140185728669167,0.03600213676691055,0.03072443976998329,0.0355256050825119,0.030571695417165756,0.02880180813372135,0.03316923975944519,0.0356830470263958,0.03584741801023483,0.0485750250518322,0.07808581739664078,0.08587600290775299
R2,1.0529288,0.06295071542263031,0.17509129643440247,0.29883283376693726,0.4126337468624115,0.5100749731063843,0.5620142221450806,0.6369935274124146,0.7418525218963623,0.8174554109573364,0.8864561319351196,0.9356604218482971,0.9656276702880859,0.9858161211013794,1.0082921981811523,1.0108717679977417,1.00489342212677,0.9813210964202881,0.964999258518219,0.941105842590332,0.9053934812545776,0.8808751702308655,0.8495687246322632,0.8354568481445312,0.8141661882400513,0.8016215562820435,0.7957837581634521,0.8068103194236755,0.7977414727210999,0.8018081188201904,0.8173801898956299,0.8284487128257751,0.8324337005615234,0.8432939052581787,0.8581849336624146,0.8682845830917358,0.8804313540458679,0.8952358961105347,0.9072191715240479,0.9178707599639893,0.9312055110931396,0.9456508159637451,0.9656546711921692,0.9883303642272949,1.001524567604065,1.0186936855316162,1.0314216613769531,1.046883463859558,1.0529288053512573,1.0500023365020752,1.0402475595474243,1.0301482677459717,1.0017024278640747,0.9728187322616577,0.9222082495689392,0.868131160736084,0.7910229563713074,0.720395565032959,0.6554451584815979,0.587356686592102,0.5039929151535034,0.4123728573322296,0.3102911412715912,0.21312294900417328,0.1376838982105255,0.08867521584033966,0.06769376993179321,0.043726712465286255,0.02744329161942005,0.023137789219617844,0.017911342903971672,0.015785861760377884,0.01585506834089756,0.014670134522020817,0.015078522264957428,0.011038714088499546,0.017401734367012978,0.015317142941057682,0.013104074634611607,0.017843961715698242,0.015115190297365189,0.017919518053531647,0.01770123653113842,0.0164162740111351,0.01716495119035244,0.01485828310251236,0.014290308579802513,0.01804088056087494,0.014170404523611069,0.015026325359940529,0.01790168136358261,0.01611476205289364,0.016955045983195305,0.016432348638772964,0.016873296350240707,0.014089163392782211,0.015266845934092999,0.0175059475004673,0.020342659205198288,0.02917250245809555,0.03139074891805649
L2,1.1400753,0.07285099476575851,0.11737066507339478,0.2714327573776245,0.45415157079696655,0.5876849889755249,0.6784816384315491,0.754706084728241,0.7889206409454346,0.8233210444450378,0.8710674047470093,0.9279260039329529,0.9761931896209717,1.017184853553772,1.0411193370819092,1.0749423503875732,1.1132087707519531,1.1254558563232422,1.1400753259658813,1.1390035152435303,1.1358647346496582,1.1227201223373413,1.1167194843292236,1.1095106601715088,1.1038737297058105,1.086969017982483,1.0700998306274414,1.0676997900009155,1.0491037368774414,1.032004475593567,1.0225584506988525,1.0031224489212036,0.9838504791259766,0.971489429473877,0.957984447479248,0.9477039575576782,0.9412277340888977,0.9302951097488403,0.9162495136260986,0.9008030891418457,0.8871638774871826,0.8796327114105225,0.8699266314506531,0.868173360824585,0.8568867444992065,0.8581125140190125,0.8532410860061646,0.8502748012542725,0.8403600454330444,0.836840033531189,0.8297643661499023,0.8391631841659546,0.8290819525718689,0.8170461058616638,0.7962512969970703,0.7706814408302307,0.72506183385849,0.6759800314903259,0.621054470539093,0.5495055317878723,0.45578399300575256,0.3579864799976349,0.2566869556903839,0.17350038886070251,0.11098504066467285,0.07124882936477661,0.051098279654979706,0.03461303934454918,0.026522554457187653,0.01933751441538334,0.015994533896446228,0.019918646663427353,0.01557617075741291,0.012700141407549381,0.016192924231290817,0.011242404580116272,0.017733121290802956,0.014565126970410347,0.014015454798936844,0.017983905971050262,0.01699991710484028,0.01758737862110138,0.01726226508617401,0.016426313668489456,0.02050761878490448,0.019322087988257408,0.014573179185390472,0.016926083713769913,0.01867283135652542,0.014246352948248386,0.016943378373980522,0.01388639584183693,0.018123941496014595,0.015484998002648354,0.013828940689563751,0.015639619901776314,0.016857605427503586,0.021759577095508575,0.02781478501856327,0.04765212535858154,0.05193839222192764
R3,1.1070267,0.04519655555486679,0.1547037959098816,0.33037716150283813,0.524063229560852,0.6911511421203613,0.8188529014587402,0.9003420472145081,0.9454632997512817,0.9818231463432312,1.0187129974365234,1.0566213130950928,1.0750101804733276,1.0908334255218506,1.097222089767456,1.1070266962051392,1.1054716110229492,1.0826597213745117,1.0564191341400146,1.018149971961975,0.9687268137931824,0.9225908517837524,0.8827967643737793,0.8413918614387512,0.8105466365814209,0.7832868099212646,0.7675811052322388,0.7640410661697388,0.7549912333488464,0.7569586634635925,0.7638494968414307,0.7730804681777954,0.7836331129074097,0.7944812774658203,0.810114860534668,0.8249526023864746,0.8427186608314514,0.8566581010818481,0.8701155185699463,0.880496621131897,0.8915901184082031,0.9065742492675781,0.918953537940979,0.9329264163970947,0.9426217079162598,0.9549712538719177,0.9665741920471191,0.9802743196487427,0.9883849024772644,0.996985912322998,0.9968345761299133,0.9897866249084473,0.9695597290992737,0.9390965104103088,0.8902709484100342,0.8225502371788025,0.7348741292953491,0.6302509307861328,0.5045461654663086,0.37525227665901184,0.2555615305900574,0.15776343643665314,0.08342090249061584,0.0473901703953743,0.02362961135804653,0.0069673145189881325,0.003749413415789604,0.0028156209737062454,-0.002434978261590004,-0.001709846779704094,0.0016560889780521393,-0.0006414968520402908,-0.0025648269802331924,0.0007320325821638107,-0.0005783345550298691,-0.0007269121706485748,0.0010780654847621918,-0.0013992320746183395,0.0003539733588695526,0.0019332077354192734,-0.000397704541683197,0.0004906635731458664,0.002537846565246582,0.0008748043328523636,0.0005947668105363846,0.0010762568563222885,-6.958842277526855e-05,0.0009049028158187866,-0.0013017244637012482,0.0001790616661310196,0.0009564738720655441,-0.0013380516320466995,-0.0004974156618118286,0.0011778958141803741,0.001224767416715622,-0.0004784073680639267,0.0013819513842463493,0.0009571872651576996,0.0012479606084525585,0.010738403536379337,0.012157715857028961
L3,1.0415591,0.035007573664188385,0.1363006830215454,0.2771024703979492,0.37743353843688965,0.4664723873138428,0.5557353496551514,0.6499195098876953,0.7270922660827637,0.7856244444847107,0.8553487062454224,0.9221792817115784,0.96678227186203,1.000391960144043,1.0163191556930542,1.0350333452224731,1.041559100151062,1.0360363721847534,1.022338628768921,1.0040853023529053,0.9760309457778931,0.9437687993049622,0.9184681177139282,0.8877363204956055,0.8648470640182495,0.8370509147644043,0.8221107721328735,0.8167979717254639,0.7999389171600342,0.7864060997962952,0.7917689085006714,0.7908836603164673,0.7946515679359436,0.798605740070343,0.8095462918281555,0.8281188011169434,0.8462793827056885,0.8616740703582764,0.8807449340820312,0.8896698951721191,0.9021522998809814,0.9201812744140625,0.9368831515312195,0.9525425434112549,0.9655601978302002,0.9809544086456299,0.9914336204528809,1.006505012512207,1.0119879245758057,1.01663339138031,1.0097904205322266,0.9938042759895325,0.9667961597442627,0.9258730411529541,0.8574753403663635,0.7773945331573486,0.6818012595176697,0.5817015767097473,0.4762754440307617,0.3787738084793091,0.2849896550178528,0.1847032904624939,0.09140975773334503,0.04955677688121796,0.026156436651945114,0.007225548382848501,-0.0003936374559998512,-0.007339821197092533,-0.00790892168879509,-0.005850767716765404,-0.0046007148921489716,-0.007666463032364845,-0.007520079612731934,-0.004898246377706528,-0.005336020141839981,-0.00849401205778122,-0.005036432296037674,-0.0069958921521902084,-0.005800385028123856,-0.003919040784239769,-0.006961973384022713,-0.006131621077656746,-0.0021350495517253876,-0.006130175665020943,-0.007759526371955872,-0.006019135937094688,-0.006475510075688362,-0.005181349813938141,-0.00559772364795208,-0.007493883371353149,-0.004616515710949898,-0.007495962083339691,-0.007610367611050606,-0.004956817254424095,-0.004535365849733353,-0.0048227254301309586,-0.005203945562243462,-0.0081243347376585,-0.006520305294543505,0.0053018368780612946,0.006079835817217827
R4,1.102865,0.050840698182582855,0.1538439691066742,0.28830450773239136,0.3973434567451477,0.4901614785194397,0.5799403190612793,0.6793694496154785,0.7850087881088257,0.8712335228919983,0.9474434852600098,1.00803804397583,1.0510677099227905,1.0833176374435425,1.0968244075775146,1.1028649806976318,1.1007322072982788,1.0804158449172974,1.0585814714431763,1.0238865613937378,0.9744162559509277,0.9302594661712646,0.8940029740333557,0.8578376770019531,0.8281989693641663,0.8015528321266174,0.7839078903198242,0.7760602235794067,0.7646703720092773,0.7605264186859131,0.7647722959518433,0.7721337080001831,0.7783079147338867,0.7886987328529358,0.8013147711753845,0.815061092376709,0.833726167678833,0.8501185178756714,0.8681094646453857,0.8814613223075867,0.9012393951416016,0.9234480857849121,0.9474270939826965,0.9734582901000977,0.9974187612533569,1.0242931842803955,1.0474178791046143,1.0689747333526611,1.0785791873931885,1.0839661359786987,1.0798282623291016,1.0674175024032593,1.035986304283142,0.9914203882217407,0.9217938184738159,0.8312525749206543,0.7111979722976685,0.5765929222106934,0.43785712122917175,0.31170833110809326,0.20609527826309204,0.12772519886493683,0.06731947511434555,0.035494811832904816,0.016485214233398438,0.00791111122816801,0.00721233943477273,0.002919718623161316,0.0015567373484373093,0.0035043414682149887,0.003915620967745781,0.002929121255874634,0.003060281276702881,0.0036254385486245155,0.004498077556490898,0.004168391227722168,0.005333310924470425,0.003042999655008316,0.004710008390247822,0.006237965077161789,0.004181481897830963,0.005538739264011383,0.0057794805616140366,0.005009187385439873,0.00454498827457428,0.004063745960593224,0.004036741331219673,0.005242606624960899,0.003263845108449459,0.004535362124443054,0.004857122898101807,0.0037127090618014336,0.004842287860810757,0.005218970589339733,0.00486171618103981,0.0028050001710653305,0.005972878076136112,0.0042856596410274506,0.007915547117590904,0.016820309683680534,0.018522445112466812
L4,1.0676666,0.042948998510837555,0.12999184429645538,0.2484915554523468,0.33945438265800476,0.42829304933547974,0.526689887046814,0.629498302936554,0.7293749451637268,0.810745358467102,0.886502742767334,0.9508330225944519,0.992546558380127,1.0241689682006836,1.0433766841888428,1.0621824264526367,1.0676666498184204,1.0555565357208252,1.0398914813995361,1.014174222946167,0.977410078048706,0.9365817308425903,0.904062807559967,0.8687416315078735,0.8361577987670898,0.8088921308517456,0.792189359664917,0.7852792143821716,0.7706045508384705,0.764968991279602,0.7724090814590454,0.7770198583602905,0.7828467488288879,0.7921110391616821,0.8039412498474121,0.8205161690711975,0.8396202921867371,0.8559011220932007,0.8718925714492798,0.8798456192016602,0.8922258019447327,0.9070962071418762,0.9218270778656006,0.9399913549423218,0.9575613737106323,0.9765564203262329,0.9946149587631226,1.0137536525726318,1.0243265628814697,1.0386829376220703,1.0412412881851196,1.038076639175415,1.0217456817626953,0.9941525459289551,0.9456254839897156,0.8835662603378296,0.7956118583679199,0.6996506452560425,0.5861721038818359,0.4615820646286011,0.3420907258987427,0.2241675704717636,0.1226590946316719,0.07011749595403671,0.037128157913684845,0.01590234786272049,0.006872476078569889,0.0016075791791081429,-0.001977069303393364,8.166581392288208e-05,0.002232130616903305,-0.0006368942558765411,-0.0008180681616067886,0.0003465041518211365,0.00021038949489593506,-0.0016252677887678146,0.003074532374739647,-0.0007907766848802567,-0.00029995106160640717,0.00241779163479805,-5.3921714425086975e-05,0.0006568562239408493,0.0031631439924240112,0.0011361762881278992,0.0005932450294494629,0.001062082126736641,1.938268542289734e-05,0.0020571984350681305,0.0001546572893857956,0.00046850182116031647,0.0013939011842012405,-0.00011278688907623291,7.692351937294006e-05,0.0013866722583770752,0.0013747196644544601,0.0002645924687385559,0.00041483528912067413,0.0014354623854160309,0.0007643965072929859,0.011195924133062363,0.012190098874270916
L5,1.1245382,0.04748046025633812,0.15537574887275696,0.33714959025382996,0.5447982549667358,0.7232316732406616,0.8484820127487183,0.9379660487174988,1.008626103401184,1.0570412874221802,1.0962114334106445,1.1224393844604492,1.1245381832122803,1.1144719123840332,1.0895814895629883,1.065216302871704,1.0379852056503296,0.9973560571670532,0.9613771438598633,0.916532039642334,0.8661133050918579,0.8260567784309387,0.7972155213356018,0.7701240181922913,0.7507588863372803,0.737485408782959,0.7329583764076233,0.7377961874008179,0.7402019500732422,0.7458879351615906,0.7571384906768799,0.7747412919998169,0.786780834197998,0.8021692037582397,0.8178263902664185,0.8314598798751831,0.8475992679595947,0.8615089654922485,0.8730027079582214,0.8819300532341003,0.8977065086364746,0.9103583693504333,0.9268310070037842,0.9443937540054321,0.9592663049697876,0.9760946035385132,0.9889422655105591,1.00142240524292,1.007347822189331,1.0040050745010376,0.9892442226409912,0.9652739763259888,0.923424243927002,0.8580319881439209,0.7725018262863159,0.6650341153144836,0.5305796265602112,0.397178590297699,0.27904337644577026,0.18498320877552032,0.11569071561098099,0.07092397660017014,0.03531751036643982,0.019120030105113983,0.007520752027630806,0.0014566646423190832,0.004949537105858326,0.0047947559505701065,0.0012026838958263397,0.001150047406554222,0.001465439796447754,0.0028102006763219833,0.0008027087897062302,0.0025979550555348396,0.003482973203063011,0.0023205075412988663,0.003803255967795849,0.0021222643554210663,0.0032188063487410545,0.004269331693649292,0.00294661708176136,0.0038184020668268204,0.00427671242505312,0.004274691455066204,0.0038736481219530106,0.002829223871231079,0.002905776724219322,0.0037293853238224983,0.001305868849158287,0.003389781340956688,0.003530561923980713,0.0025158002972602844,0.0035290420055389404,0.004608371295034885,0.003439115360379219,0.0013369005173444748,0.003929556347429752,0.0038076499477028847,0.006411274895071983,0.014100120402872562,0.015726491808891296
R5,1.3131095,0.0652066171169281,0.10191064327955246,0.3169024586677551,0.5949574112892151,0.7798737287521362,0.8874707221984863,0.9440333843231201,0.9469684362411499,0.9712594151496887,1.0163761377334595,1.0796747207641602,1.1514302492141724,1.2162176370620728,1.236830472946167,1.276788592338562,1.3131095170974731,1.3109676837921143,1.3099660873413086,1.304598093032837,1.281354546546936,1.2478232383728027,1.2356401681900024,1.2056512832641602,1.191774606704712,1.1617932319641113,1.125403881072998,1.1095466613769531,1.08412766456604,1.0512137413024902,1.021292805671692,0.9798403382301331,0.9435927867889404,0.9160380363464355,0.8914409279823303,0.8678992390632629,0.8504980802536011,0.8309574127197266,0.8054672479629517,0.7878162860870361,0.7730958461761475,0.7698248624801636,0.758142352104187,0.7486421465873718,0.7398420572280884,0.7482246160507202,0.7374957799911499,0.7298132181167603,0.7175633907318115,0.7115275859832764,0.6882933378219604,0.6806647181510925,0.6560229063034058,0.6162503361701965,0.5591853857040405,0.4940943717956543,0.40664103627204895,0.3235244154930115,0.24923184514045715,0.18226571381092072,0.12253303825855255,0.07762269675731659,0.045536648482084274,0.021278176456689835,0.004378093872219324,0.0024989850353449583,0.0035998811945319176,0.004111389629542828,0.007667954545468092,0.0028992444276809692,0.004947694018483162,0.013349085114896297,0.006494785659015179,0.0013461653143167496,0.011607317253947258,0.003018248826265335,0.010089507326483727,0.005436529405415058,0.0097025316208601,0.002889668568968773,0.008664746768772602,0.00813216995447874,0.008645355701446533,0.004852369427680969,0.01167925912886858,0.013324374333024025,0.007740167900919914,0.006409084424376488,0.01092369481921196,0.00470786914229393,0.008033127523958683,0.006166149862110615,0.006419246084988117,0.002964915707707405,0.003102424554526806,0.0071775466203689575,0.008870895951986313,0.012280255556106567,0.022718429565429688,0.046592067927122116,0.051590271294116974
L6,1.068042,0.03141025826334953,0.11302586644887924,0.22586126625537872,0.3281172513961792,0.4183201193809509,0.4857196509838104,0.5819649696350098,0.7025936245918274,0.8057126998901367,0.8908777832984924,0.9624687433242798,1.01243257522583,1.0217950344085693,1.0389686822891235,1.0511996746063232,1.0646612644195557,1.0605738162994385,1.0549019575119019,1.043189287185669,1.0113929510116577,0.9722663164138794,0.937515377998352,0.9109532833099365,0.8770061731338501,0.8495005965232849,0.8357237577438354,0.8365665674209595,0.8181145191192627,0.8162175416946411,0.8254163265228271,0.827826201915741,0.8262500166893005,0.8303601741790771,0.8423173427581787,0.8486276268959045,0.8658326864242554,0.8810204267501831,0.8940032720565796,0.898314356803894,0.9051044583320618,0.9286854267120361,0.9431501626968384,0.9633903503417969,0.9784215092658997,1.0027410984039307,1.0174678564071655,1.0406229496002197,1.0576680898666382,1.0646228790283203,1.0680420398712158,1.0686895847320557,1.0483976602554321,1.0344120264053345,1.0058571100234985,0.9706807136535645,0.9139248132705688,0.8537551164627075,0.7788290977478027,0.6816022992134094,0.5574474334716797,0.43023356795310974,0.30442267656326294,0.20401260256767273,0.11706496775150299,0.06529358774423599,0.0351683534681797,0.020104508846998215,0.005281231366097927,0.0007681343704462051,-0.0024229176342487335,-0.005994858220219612,-0.004097463563084602,-0.000456957146525383,-0.005323544144630432,-0.00922556221485138,-0.002865174785256386,-0.005125913769006729,-0.007995985448360443,-0.0021863430738449097,-0.0071624647825956345,-0.0033319126814603806,-0.0001925583928823471,-0.007981033995747566,-0.0026822537183761597,-0.003971388563513756,-0.0057314056903123856,-0.0010716617107391357,-0.0022653434425592422,-0.0030032265931367874,-0.0037319157272577286,-0.0035211779177188873,-0.0010561291128396988,-0.002873409539461136,-0.0016684550791978836,-0.0031189266592264175,-0.0022664163261651993,-0.0007837638258934021,-0.0011671874672174454,0.009187485091388226,0.009036081843078136
R6,1.1629615,0.05193571746349335,0.13561035692691803,0.2807886600494385,0.41766706109046936,0.5281299352645874,0.6269158124923706,0.7197872996330261,0.8045229911804199,0.8781598210334778,0.951790452003479,1.022533655166626,1.0794097185134888,1.124862790107727,1.1429526805877686,1.158766746520996,1.162961483001709,1.147139310836792,1.1267815828323364,1.0967744588851929,1.0498504638671875,1.004112958908081,0.9706476926803589,0.9335683584213257,0.9076160192489624,0.8802973031997681,0.8587138056755066,0.8485093712806702,0.8341646194458008,0.8237298727035522,0.8199244737625122,0.8150224685668945,0.8106937408447266,0.8105047345161438,0.8123224973678589,0.8172465562820435,0.8264068961143494,0.8314401507377625,0.8385820984840393,0.8437033295631409,0.8538700342178345,0.8672229051589966,0.881391167640686,0.8977441191673279,0.9114300012588501,0.9317058324813843,0.9461483955383301,0.9608356952667236,0.9660443067550659,0.9685194492340088,0.9597004055976868,0.946869969367981,0.9165754318237305,0.8689701557159424,0.7979187965393066,0.7101349830627441,0.5974287986755371,0.4780735373497009,0.35438069701194763,0.24724452197551727,0.16049230098724365,0.09942552447319031,0.05196986347436905,0.02734210342168808,0.012666960246860981,0.005350973457098007,0.004390819929540157,0.0016573332250118256,0.0018913457170128822,0.0032421257346868515,0.003420688211917877,0.004526035860180855,0.003061966970562935,0.0023201806470751762,0.004913760349154472,0.003275251016020775,0.005807728506624699,0.0030071698129177094,0.0050035519525408745,0.005489491857588291,0.004588868468999863,0.005084320902824402,0.005795408971607685,0.004696517251431942,0.005140814930200577,0.005298636853694916,0.004393798299133778,0.004504011943936348,0.0044603534042835236,0.0037536658346652985,0.00517108291387558,0.003730388358235359,0.004611731506884098,0.0038985712453722954,0.004073415882885456,0.003652154467999935,0.005709292367100716,0.004829687066376209,0.010624876245856285,0.025471292436122894,0.028018878772854805
R7,1.0930537,0.05305004492402077,0.15905682742595673,0.3289720416069031,0.521027147769928,0.686651349067688,0.8081937432289124,0.8870213031768799,0.9403977394104004,0.9820057153701782,1.0218470096588135,1.055588960647583,1.0700944662094116,1.0861042737960815,1.0903172492980957,1.0930536985397339,1.0902290344238281,1.0704245567321777,1.0520071983337402,1.0202971696853638,0.9747791290283203,0.9385181069374084,0.9069081544876099,0.8751091361045837,0.850620448589325,0.8285256624221802,0.8148022890090942,0.8125539422035217,0.8033260107040405,0.8038496971130371,0.8085389137268066,0.8163553476333618,0.8226110339164734,0.8316106796264648,0.8397847414016724,0.8485161066055298,0.8619160056114197,0.87062668800354,0.8799332976341248,0.886829674243927,0.8984581232070923,0.909661054611206,0.9227468967437744,0.9390347003936768,0.9506765604019165,0.9659103155136108,0.97896409034729,0.9928549528121948,0.9996609687805176,1.0055142641067505,1.004331111907959,0.9974232912063599,0.9732362031936646,0.9397249817848206,0.8858078718185425,0.8114534616470337,0.7058109045028687,0.5782983303070068,0.4357815980911255,0.30077147483825684,0.1874278038740158,0.11009916663169861,0.055714525282382965,0.02774016372859478,0.011816758662462234,0.003174888901412487,0.005040165036916733,0.004971169866621494,0.00199075136333704,0.0026987753808498383,0.005087860859930515,0.004277058877050877,0.003183954395353794,0.0037093274295330048,0.00425045657902956,0.004020878113806248,0.006245981901884079,0.0034071318805217743,0.004950110800564289,0.007172341458499432,0.004372298717498779,0.006213420070707798,0.00618369597941637,0.0067444294691085815,0.005923105403780937,0.005929316394031048,0.004785601980984211,0.005336673930287361,0.0027818959206342697,0.005159690044820309,0.005835047923028469,0.003751245327293873,0.005156983621418476,0.005254877731204033,0.0049622636288404465,0.0034323520958423615,0.006025364622473717,0.0058051906526088715,0.008328301832079887,0.016355738043785095,0.018123401328921318
L7,1.1069868,0.04026602953672409,0.14411161839962006,0.2798991799354553,0.38927072286605835,0.49305829405784607,0.6085705161094666,0.716693103313446,0.7990675568580627,0.8647648692131042,0.927228569984436,0.9872156381607056,1.0297939777374268,1.0639622211456299,1.0808062553405762,1.1026197671890259,1.1069867610931396,1.0913103818893433,1.071067214012146,1.0376121997833252,0.9931212663650513,0.9455024600028992,0.903007984161377,0.8601725101470947,0.826483964920044,0.7942652702331543,0.7776210308074951,0.776251494884491,0.7639631032943726,0.7646906971931458,0.7756720185279846,0.7837995290756226,0.7972628474235535,0.8123888969421387,0.8333725929260254,0.8566982746124268,0.8829265832901001,0.902271032333374,0.9230352640151978,0.9336010217666626,0.9451090693473816,0.9599483013153076,0.9687288999557495,0.9807764291763306,0.9887317419052124,0.9961432218551636,1.0018823146820068,1.011205792427063,1.0122261047363281,1.0195298194885254,1.0144762992858887,1.0033419132232666,0.9856277704238892,0.9587548971176147,0.9133614301681519,0.8573309779167175,0.7834347486495972,0.6994627118110657,0.5865150094032288,0.4599063992500305,0.3371541500091553,0.21595966815948486,0.11774275451898575,0.06612729281187057,0.03552704676985741,0.012169125489890575,0.002605946734547615,-0.002413303591310978,-0.00441478006541729,-0.002691645175218582,0.0003080107271671295,-0.0034798569977283478,-0.004113964736461639,-0.0019196756184101105,-0.0032351333647966385,-0.004428420215845108,-0.00034692883491516113,-0.004357382655143738,-0.002931468188762665,0.0002657044678926468,-0.0026334431022405624,-0.0038141775876283646,0.000583987683057785,-0.0010765790939331055,-0.0027355924248695374,-0.001450520008802414,-0.0020776819437742233,-0.001355474814772606,-0.0030772238969802856,-0.0023640580475330353,-0.0006553120911121368,-0.004099560901522636,-0.0031146686524152756,-0.0022605806589126587,-0.0013752356171607971,-0.0026063434779644012,-0.0013223346322774887,-0.0027886666357517242,-0.0028217206709086895,0.008899027481675148,0.010785320773720741
L8,1.1490674,0.041591864079236984,0.16253924369812012,0.3441823422908783,0.5121652483940125,0.6579816341400146,0.7914475798606873,0.9159513711929321,1.0264477729797363,1.098942756652832,1.1410962343215942,1.1490674018859863,1.1354799270629883,1.1159088611602783,1.077096700668335,1.0400744676589966,1.0042393207550049,0.9630260467529297,0.9268202781677246,0.8819370269775391,0.8335074186325073,0.7995687127113342,0.7738136053085327,0.750027060508728,0.7354247570037842,0.7245091795921326,0.7224220633506775,0.7313512563705444,0.7348370552062988,0.7433748841285706,0.761334240436554,0.7784496545791626,0.7942603826522827,0.8125972151756287,0.8315338492393494,0.8509752154350281,0.871124267578125,0.8889256715774536,0.9025406837463379,0.914682149887085,0.9347473382949829,0.9511126279830933,0.969192385673523,0.9877116680145264,1.0020145177841187,1.015953540802002,1.0244117975234985,1.0311291217803955,1.0284736156463623,1.0184112787246704,0.9973560571670532,0.9719235301017761,0.9291658401489258,0.8725026845932007,0.7935476303100586,0.6975424885749817,0.5731755495071411,0.44840916991233826,0.33057737350463867,0.2274036705493927,0.14818060398101807,0.09257286787033081,0.04691074788570404,0.024298910051584244,0.008732980117201805,0.0012166588567197323,0.004654468037188053,0.0012854775413870811,0.0009560221806168556,4.311650991439819e-05,-0.000792698934674263,0.0006304290145635605,-0.0002784784883260727,0.0002550128847360611,0.0010608173906803131,0.0008881688117980957,0.000918801873922348,-0.0003863610327243805,0.0009369952604174614,0.0016127340495586395,-0.00043034180998802185,0.0011358074843883514,0.0021195150911808014,0.0015748608857393265,0.0012241844087839127,0.0005438067018985748,0.0005473904311656952,0.0016485899686813354,-0.0006780121475458145,0.0014143344014883041,0.0008794832974672318,-2.0680949091911316e-05,0.000856451690196991,0.0022652214393019676,0.0016574468463659286,-0.000991007313132286,0.0006017237901687622,0.0012773238122463226,0.0027638631872832775,0.0067477719858288765,0.008637037128210068
R8,1.1205852,0.04635898768901825,0.13684159517288208,0.2517140507698059,0.32784122228622437,0.3978341221809387,0.4927063286304474,0.6089162230491638,0.7230871319770813,0.8130042552947998,0.8984828591346741,0.9762645959854126,1.0324879884719849,1.0754752159118652,1.095937728881836,1.1149778366088867,1.1205852031707764,1.1042976379394531,1.085031270980835,1.0539202690124512,1.0045064687728882,0.9543416500091553,0.9124412536621094,0.869037926197052,0.831922173500061,0.7947896122932434,0.7717516422271729,0.7615805864334106,0.7421838045120239,0.7325711250305176,0.73740154504776,0.739311933517456,0.7450007796287537,0.7549278736114502,0.7689583897590637,0.7895323634147644,0.8147943019866943,0.8356649875640869,0.8582653403282166,0.8737094402313232,0.8957623839378357,0.9191441535949707,0.9431343674659729,0.969568133354187,0.9916025400161743,1.0156936645507812,1.0372852087020874,1.0591483116149902,1.0681096315383911,1.0780150890350342,1.0793814659118652,1.0725871324539185,1.0535324811935425,1.0288153886795044,0.9775487184524536,0.9116618633270264,0.8193663358688354,0.7121243476867676,0.5819035768508911,0.44699978828430176,0.3218250274658203,0.20734278857707977,0.10953182727098465,0.059152014553546906,0.03271158039569855,0.01386091485619545,0.008376972749829292,0.0008275760337710381,-0.0006184065714478493,0.0011665858328342438,0.0030484171584248543,0.0012253252789378166,0.0005487892776727676,0.0008268300443887711,0.0016078418120741844,0.0008847303688526154,0.004417615942656994,0.0010556690394878387,0.002123781479895115,0.004546717740595341,0.0011878423392772675,0.0025728940963745117,0.005124371498823166,0.00347999669611454,0.0017859041690826416,0.0019141510128974915,0.001400575041770935,0.003396837040781975,0.0020435880869627,0.002338973805308342,0.0033868085592985153,0.0009853970259428024,0.0020126011222600937,0.0022072093561291695,0.0032370565459132195,0.0011479053646326065,0.0020186956971883774,0.0015770476311445236,0.003813335672020912,0.014573914930224419,0.01600968837738037
L9,1.1498808,0.05557531863451004,0.09068784862756729,0.24428173899650574,0.4097338020801544,0.4969911277294159,0.5337761640548706,0.594724178314209,0.6666521430015564,0.7438836097717285,0.8177434802055359,0.8948736190795898,0.9572261571884155,1.0005319118499756,1.0389125347137451,1.075512170791626,1.1185449361801147,1.1266047954559326,1.1414380073547363,1.1498807668685913,1.1417293548583984,1.1224247217178345,1.1040174961090088,1.0939596891403198,1.0733442306518555,1.0500819683074951,1.0287479162216187,1.0250012874603271,1.0000879764556885,0.9793282747268677,0.9704335927963257,0.942643404006958,0.9175044298171997,0.9029734134674072,0.8917087316513062,0.8763314485549927,0.8677972555160522,0.8638830184936523,0.8509583473205566,0.8445346355438232,0.832423210144043,0.8354467749595642,0.8324830532073975,0.8334927558898926,0.8273606300354004,0.8359441161155701,0.836152195930481,0.8359771966934204,0.8320660591125488,0.8217840790748596,0.8047085404396057,0.8009451627731323,0.7774796485900879,0.7548125982284546,0.7182896137237549,0.6778149604797363,0.6156614422798157,0.5684106349945068,0.530105710029602,0.49639540910720825,0.44185885787010193,0.3788660168647766,0.30553990602493286,0.21496057510375977,0.1320713311433792,0.0824950784444809,0.058678969740867615,0.037332382053136826,0.015049497596919537,0.012395970523357391,0.007543538697063923,0.007565135136246681,0.005617148242890835,0.0008030049502849579,0.004818158224225044,-0.002797415480017662,0.007723286747932434,0.004229573532938957,0.001452166587114334,0.005469674244523048,0.005834948271512985,0.007553704082965851,0.0075981505215168,0.0021426230669021606,0.008629316464066505,0.006635259836912155,0.0032042432576417923,0.005669163540005684,0.007414895109832287,0.002710491418838501,0.006776483729481697,0.002927148714661598,0.007587187923491001,0.0032036034390330315,0.003085128962993622,0.004349836148321629,0.006664440035820007,0.010564610362052917,0.01817529834806919,0.034522928297519684,0.037629030644893646
R9,1.2726562,0.06417263299226761,0.1262662410736084,0.3402298390865326,0.5912758708000183,0.7717388868331909,0.8877826929092407,0.9487234354019165,0.9455252885818481,0.9656069278717041,1.005358099937439,1.0585851669311523,1.114458680152893,1.1724843978881836,1.1944447755813599,1.2334203720092773,1.2669031620025635,1.270021915435791,1.2726562023162842,1.264683723449707,1.2470545768737793,1.2208597660064697,1.2094284296035767,1.1864159107208252,1.1744275093078613,1.147266149520874,1.1188410520553589,1.1077219247817993,1.0858110189437866,1.0599980354309082,1.034836769104004,1.0035735368728638,0.9744594097137451,0.9493624567985535,0.9257062673568726,0.9007344841957092,0.8842086791992188,0.8625109195709229,0.839502215385437,0.8216278553009033,0.8040610551834106,0.7982133030891418,0.7856050133705139,0.77762770652771,0.7692312002182007,0.7730768918991089,0.7658970355987549,0.7617617249488831,0.7510539889335632,0.747698962688446,0.7326911687850952,0.7270804047584534,0.7038068771362305,0.6644186973571777,0.6089078783988953,0.5458147525787354,0.46330970525741577,0.37732458114624023,0.29584458470344543,0.21747933328151703,0.14249646663665771,0.08959189057350159,0.05146079137921333,0.027259496971964836,0.010752769187092781,0.00430427398532629,0.0033297697082161903,0.0051008714362978935,0.0059079257771372795,0.0025101546198129654,0.005189564079046249,0.010068594478070736,0.005126805976033211,0.0020313849672675133,0.008443121798336506,0.0019045881927013397,0.007344134151935577,0.003865867853164673,0.007794295437633991,0.004929905757308006,0.007147138938307762,0.006655488163232803,0.0074861915782094,0.005630820989608765,0.00968491192907095,0.011417064815759659,0.007153946906328201,0.00479084812104702,0.008015556260943413,0.0033561941236257553,0.007194384001195431,0.004155497997999191,0.005714047700166702,0.003286527469754219,0.0023987991735339165,0.005259573459625244,0.008625255897641182,0.010031048208475113,0.018805649131536484,0.0386703684926033,0.04320831596851349
L10,1.2499884,0.049143850803375244,0.11273538321256638,0.2867199182510376,0.4734613299369812,0.6264254450798035,0.7659567594528198,0.8451825380325317,0.8790669441223145,0.9172147512435913,0.9539303183555603,0.9913308024406433,1.0407607555389404,1.0953871011734009,1.1249747276306152,1.1704418659210205,1.2165532112121582,1.2361907958984375,1.2499884366989136,1.2457003593444824,1.2258111238479614,1.1930804252624512,1.1634423732757568,1.1258550882339478,1.096288800239563,1.0500807762145996,1.0055177211761475,0.9748852849006653,0.9404692053794861,0.9085124135017395,0.8809887170791626,0.8494642972946167,0.8255555629730225,0.8052266836166382,0.7883813381195068,0.7752721309661865,0.7749756574630737,0.7701706290245056,0.7677708864212036,0.7715574502944946,0.7753646373748779,0.791033148765564,0.8010716438293457,0.8147239685058594,0.8239980340003967,0.8441163897514343,0.8487582206726074,0.8525189757347107,0.8439584970474243,0.8383693695068359,0.8198412656784058,0.8020151257514954,0.7697219252586365,0.720090925693512,0.6516085267066956,0.5756025314331055,0.4822426736354828,0.3863208293914795,0.29068395495414734,0.19935113191604614,0.12222090363502502,0.06816509366035461,0.03440649062395096,0.015937844291329384,0.007472638972103596,0.004156448878347874,0.00445578433573246,0.007037854753434658,0.006703411228954792,0.0019919052720069885,0.0059395842254161835,0.00974983349442482,0.005473417229950428,0.0029013240709900856,0.005795702338218689,0.0029333848506212234,0.006715797819197178,0.003890153020620346,0.006773727014660835,0.0054159015417099,0.005813261494040489,0.00468793511390686,0.009390627965331078,0.0060469964519143105,0.0076493872329592705,0.009065292775630951,0.005740690045058727,0.003992920741438866,0.006579089909791946,0.004547175019979477,0.006183386780321598,0.0034182872623205185,0.005553248338401318,0.00444551557302475,0.002924981527030468,0.004201725125312805,0.006396655924618244,0.00823893677443266,0.014200529083609581,0.0276150181889534,0.031020523980259895
R10,1.104452,0.046370379626750946,0.1309366226196289,0.2558934986591339,0.3539661765098572,0.4437596797943115,0.5515127182006836,0.6455016136169434,0.722641110420227,0.7850844264030457,0.8474189639091492,0.9071604013442993,0.9558328986167908,1.0057413578033447,1.0438629388809204,1.081612229347229,1.1044520139694214,1.104245901107788,1.0986979007720947,1.076653003692627,1.0398110151290894,0.9979074001312256,0.9586822986602783,0.9154167175292969,0.8766770362854004,0.8383511304855347,0.8096622824668884,0.7892916202545166,0.7636678814888,0.7487218379974365,0.7428706884384155,0.7393690347671509,0.7412475347518921,0.7440782785415649,0.7527053356170654,0.7645800113677979,0.782629132270813,0.7990313768386841,0.8177175521850586,0.8345561027526855,0.8505290746688843,0.8719461560249329,0.8924456834793091,0.9162200689315796,0.9383848905563354,0.9621047377586365,0.9851098656654358,1.007714867591858,1.0209064483642578,1.0356659889221191,1.0392624139785767,1.0343821048736572,1.0177932977676392,0.9854159355163574,0.9322571754455566,0.8610562086105347,0.7674951553344727,0.6637457609176636,0.5431588888168335,0.41453689336776733,0.29416096210479736,0.18581025302410126,0.0981559231877327,0.0531596913933754,0.029185384511947632,0.013271467760205269,0.008626356720924377,0.004195294342935085,-0.0005521653220057487,0.0031605418771505356,0.0061550866812467575,0.003139099106192589,0.0016878051683306694,0.003744734451174736,0.0036404533311724663,0.003546901047229767,0.005583188496530056,0.002960316836833954,0.004779967479407787,0.006353304721415043,0.004733886569738388,0.004811741411685944,0.007016918621957302,0.005169648677110672,0.0034502092748880386,0.004930136725306511,0.004368758760392666,0.004800936207175255,0.0030388524755835533,0.003667304292321205,0.0051966337487101555,0.002327723428606987,0.0031069600954651833,0.00506802462041378,0.004753774031996727,0.0031329020857810974,0.005359056405723095,0.004076431505382061,0.004968923516571522,0.01684398204088211,0.01875225454568863
L11,1.2027997,0.06575492024421692,0.1351410150527954,0.3128669261932373,0.517753005027771,0.6928318738937378,0.8265417814254761,0.8985475897789001,0.9186946749687195,0.9409916400909424,0.9849073886871338,1.0444445610046387,1.0964709520339966,1.1313960552215576,1.1545599699020386,1.1885392665863037,1.202799677848816,1.1942328214645386,1.1789281368255615,1.151171088218689,1.1148897409439087,1.0690771341323853,1.0339100360870361,0.9963175654411316,0.9639838933944702,0.9238442182540894,0.8928322196006775,0.8863658308982849,0.8658487200737,0.8549035787582397,0.8520612716674805,0.8456302881240845,0.8414733409881592,0.8423130512237549,0.8506197929382324,0.8580188751220703,0.871074914932251,0.8825473785400391,0.8882685899734497,0.8891873359680176,0.8889787197113037,0.8998218774795532,0.9039127230644226,0.9123260974884033,0.9120079874992371,0.920907199382782,0.9261066913604736,0.9266334176063538,0.923508882522583,0.9260144829750061,0.9168708920478821,0.914736270904541,0.9020140171051025,0.8851274251937866,0.8563013076782227,0.8219745755195618,0.7773799300193787,0.7270128726959229,0.6679746508598328,0.583732008934021,0.48447591066360474,0.37343689799308777,0.25936421751976013,0.17504960298538208,0.10989297926425934,0.06660828739404678,0.04434560611844063,0.03099655732512474,0.02022646553814411,0.013207510113716125,0.013160808011889458,0.015130575746297836,0.012365239672362804,0.01175626739859581,0.013644370250403881,0.007394308224320412,0.015234537422657013,0.0108787901699543,0.011291484348475933,0.013801596127450466,0.012261060066521168,0.011984311044216156,0.016613401472568512,0.012273103930056095,0.016852952539920807,0.016175467520952225,0.012267625890672207,0.011968089267611504,0.01582881435751915,0.010704785585403442,0.015387581661343575,0.010846445336937904,0.013519933447241783,0.011502273380756378,0.011301047168672085,0.011697729118168354,0.014904468320310116,0.017644524574279785,0.02175392024219036,0.03711928799748421,0.03952689468860626
R11,1.0858989,0.050002846866846085,0.16343346238136292,0.337838739156723,0.5016191601753235,0.6398558616638184,0.7465248703956604,0.8270435333251953,0.8938555717468262,0.9601033926010132,1.019766092300415,1.0624632835388184,1.0777921676635742,1.0858988761901855,1.074583888053894,1.064673900604248,1.0505887269973755,1.0223129987716675,0.9948371052742004,0.9573930501937866,0.9153861999511719,0.8806748390197754,0.8570995330810547,0.8337613940238953,0.8168904185295105,0.804728090763092,0.8012707233428955,0.806266188621521,0.8086978197097778,0.8161640167236328,0.8286634087562561,0.844675600528717,0.8561863303184509,0.8680562973022461,0.8810322284698486,0.8916813731193542,0.9035202264785767,0.9117523431777954,0.9170330762863159,0.9185895919799805,0.9240236282348633,0.9304485321044922,0.9385489225387573,0.9471073150634766,0.954390287399292,0.9652107954025269,0.9762250185012817,0.984058141708374,0.9847829341888428,0.9838557243347168,0.9778831005096436,0.9652432203292847,0.9336063861846924,0.8894309997558594,0.8245835304260254,0.7373199462890625,0.622124433517456,0.49506014585494995,0.36433345079421997,0.24942205846309662,0.15439428389072418,0.09235718846321106,0.048265885561704636,0.02662779577076435,0.01061919704079628,0.00189823261462152,0.00361498910933733,0.0019983360543847084,-0.00115128792822361,-7.503293454647064e-05,0.0007477495819330215,-1.3638287782669067e-05,0.00019329600036144257,0.001239999197423458,0.002037791535258293,0.0005254372954368591,0.0017131231725215912,0.0001865644007921219,0.0018279803916811943,0.0030111800879240036,0.00038878992199897766,0.002129537984728813,0.002861345186829567,0.001983771100640297,0.0020560771226882935,0.0017195772379636765,0.0011616181582212448,0.001967472955584526,-0.000447642058134079,0.0010855905711650848,0.0017778035253286362,0.0008981768041849136,0.0010523926466703415,0.0022124825045466423,0.0016125105321407318,-0.0002493280917406082,0.002874794416129589,0.0018973872065544128,0.004999428987503052,0.009604817256331444,0.010979034006595612
L12,1.0909233,0.042525455355644226,0.13767766952514648,0.23899023234844208,0.28979235887527466,0.33721673488616943,0.4174235463142395,0.5233004093170166,0.6295731663703918,0.719970166683197,0.8089647889137268,0.8910979628562927,0.9533624649047852,1.0066921710968018,1.0450420379638672,1.0770330429077148,1.0909233093261719,1.084845781326294,1.07211172580719,1.0461474657058716,1.006321668624878,0.9606348276138306,0.920524001121521,0.8776165246963501,0.840962290763855,0.8066588640213013,0.785132884979248,0.77378249168396,0.7561004161834717,0.7482256889343262,0.7539905309677124,0.7576031684875488,0.765289306640625,0.776755690574646,0.7924432754516602,0.8141924142837524,0.8397114276885986,0.8614828586578369,0.8853352665901184,0.9005001783370972,0.9182714223861694,0.9400671720504761,0.9601560831069946,0.9822943210601807,1.0028448104858398,1.024078607559204,1.0419983863830566,1.0606352090835571,1.0669026374816895,1.075821876525879,1.0733113288879395,1.062070608139038,1.0389541387557983,1.0045446157455444,0.9452321529388428,0.8748356699943542,0.784408688545227,0.6848957538604736,0.5685899257659912,0.44536834955215454,0.3278084397315979,0.21112588047981262,0.1121162623167038,0.06217033416032791,0.033619124442338943,0.015029645524919033,0.0067091831006109715,-0.0006493972614407539,-0.002344239503145218,0.000487668439745903,0.0026666373014450073,-0.0009283628314733505,-0.0010605286806821823,0.0004934323951601982,0.00013917870819568634,-0.0007567405700683594,0.0023298291489481926,-0.0006967093795537949,0.0006067464128136635,0.0025324001908302307,0.00014827586710453033,0.00040676072239875793,0.003349270671606064,0.0009424649178981781,-0.00017648190259933472,0.0006776954978704453,8.2407146692276e-05,0.001980140805244446,0.0004072468727827072,0.0001578405499458313,0.0014791134744882584,-0.0005911923944950104,-0.0001540854573249817,0.0010033324360847473,0.001482311636209488,0.0005214065313339233,0.0012443140149116516,7.732585072517395e-05,-0.00016319891437888145,0.011593878269195557,0.013100746087729931
R12,1.2471099,0.07992954552173615,0.13102878630161285,0.31616124510765076,0.5441637635231018,0.6985272169113159,0.7714378833770752,0.8106182813644409,0.8218069672584534,0.8446401357650757,0.9031442403793335,0.9740005135536194,1.037824034690857,1.1004542112350464,1.1415315866470337,1.1875650882720947,1.228367805480957,1.2388432025909424,1.2471098899841309,1.2440967559814453,1.2276158332824707,1.2037315368652344,1.1875838041305542,1.1639355421066284,1.1522976160049438,1.1245934963226318,1.091404676437378,1.0775141716003418,1.048365831375122,1.019858717918396,0.9931124448776245,0.9578454494476318,0.9245755076408386,0.8953061103820801,0.8751033544540405,0.8576155304908752,0.8415654897689819,0.8257953524589539,0.8101270198822021,0.7984623312950134,0.7920615673065186,0.7945120930671692,0.7984665036201477,0.8056837320327759,0.8054871559143066,0.8224310874938965,0.8276171684265137,0.8316848874092102,0.8261374831199646,0.8228058218955994,0.8090308904647827,0.8124922513961792,0.7935501933097839,0.7647439241409302,0.7224766612052917,0.6762603521347046,0.609918475151062,0.5569580793380737,0.5089257955551147,0.46372586488723755,0.4063688814640045,0.3337377607822418,0.24907730519771576,0.17233315110206604,0.11434026807546616,0.07800868898630142,0.06121679022908211,0.0433633029460907,0.03420521318912506,0.026414144784212112,0.021992957219481468,0.02752719447016716,0.022148529067635536,0.017816614359617233,0.024214521050453186,0.017716359347105026,0.024726206436753273,0.02094501443207264,0.02278769761323929,0.021142883226275444,0.02255612052977085,0.024014964699745178,0.024494610726833344,0.020342566072940826,0.026689613237977028,0.026693500578403473,0.02120061405003071,0.022012561559677124,0.0255772415548563,0.018774809315800667,0.02292540669441223,0.021192386746406555,0.022532019764184952,0.01960901916027069,0.020682858303189278,0.022706784307956696,0.023138072341680527,0.027470581233501434,0.03729599341750145,0.05958699807524681,0.06433968991041183
L13,1.2425642,0.06193087622523308,0.11412493884563446,0.26841309666633606,0.4457654356956482,0.5902380347251892,0.7159537672996521,0.8043659925460815,0.8351563215255737,0.8737261295318604,0.930477499961853,1.0009821653366089,1.0605300664901733,1.120354175567627,1.151942491531372,1.1972202062606812,1.2325208187103271,1.2360782623291016,1.2425642013549805,1.2320778369903564,1.2061281204223633,1.1708648204803467,1.1424801349639893,1.1032592058181763,1.0728672742843628,1.0297737121582031,0.9946860074996948,0.9796255826950073,0.9495561718940735,0.925523042678833,0.9080289602279663,0.8886276483535767,0.8750789165496826,0.867313802242279,0.8649870753288269,0.8622970581054688,0.8719253540039062,0.8738232851028442,0.8754947781562805,0.8785942792892456,0.8799307346343994,0.8899875283241272,0.8923769593238831,0.8999195098876953,0.9003198146820068,0.907692015171051,0.9042321443557739,0.9021816253662109,0.8935376405715942,0.8889409899711609,0.8739149570465088,0.8668177127838135,0.8502929210662842,0.828214168548584,0.7910090088844299,0.7440587878227234,0.6726621389389038,0.59600430727005,0.5071408748626709,0.4062989354133606,0.3066776692867279,0.2169252336025238,0.13722175359725952,0.08243972808122635,0.04870673269033432,0.028637755662202835,0.020389683544635773,0.015727020800113678,0.013048444874584675,0.00987087283283472,0.012990261428058147,0.015448166988790035,0.010593533515930176,0.010901955887675285,0.014906588941812515,0.010399183258414268,0.014754734002053738,0.01264226995408535,0.015043518505990505,0.013187007047235966,0.013605039566755295,0.013432750478386879,0.016027046367526054,0.011744375340640545,0.014637481421232224,0.0168171264231205,0.013977395370602608,0.012631610035896301,0.01477767899632454,0.012226147577166557,0.014499202370643616,0.01106511615216732,0.012798151932656765,0.010830081067979336,0.011909030377864838,0.013167092576622963,0.014964836649596691,0.015407728031277657,0.02141980454325676,0.037813618779182434,0.04115734249353409
